{
  "name": "Footer",
  "type": "footer",
  "sections": {
    "footer_sticky_nav_PTczbK": {
      "type": "footer-sticky-nav",
      "name": "t:names.footer_sticky_nav",
      "settings": {
        "spacing_tablet": "custom",
        "spacing_tablet_number": 50,
        "spacing_mobile": "custom",
        "spacing_mobile_number": 30,
        "enable_texts": true,
        "enable_home": true,
        "enable_shop": true,
        "enable_search": false,
        "enable_account": false,
        "enable_compare": true,
        "enable_wishlist": true,
        "enable_cart": true
      }
    },
    "text_columns_with_icons_type_2_gDk83X": {
      "type": "text-columns-with-icons-type-2",
      "blocks": {
        "item_8WNRTg": {
          "type": "item",
          "settings": {
            "show_icon": "svg",
            "icon_name": "truck_1",
            "block_heading": "Free Shipping on Orders Over $50",
            "block_text": "<p>Enjoy free standard shipping when you spend $50 or more. No hidden fees — just more value with every order.</p>",
            "button_name": "Learn More",
            "url": ""
          }
        },
        "item_abBHP3": {
          "type": "item",
          "settings": {
            "show_icon": "svg",
            "icon_name": "Return",
            "block_heading": "Easy 30-day Returns",
            "block_text": "<p>Changed your mind? No problem. You have 30 days to return your item, no questions asked.</p>",
            "button_name": "Learn More",
            "url": ""
          }
        },
        "item_pdxz8Q": {
          "type": "item",
          "settings": {
            "show_icon": "svg",
            "icon_name": "secure",
            "block_heading": "Payment Security",
            "block_text": "<p>Your security is our priority. All payments are encrypted and processed securely — we never store your payment details.<br/></p>",
            "button_name": "Learn More",
            "url": ""
          }
        }
      },
      "block_order": [
        "item_8WNRTg",
        "item_abBHP3",
        "item_pdxz8Q"
      ],
      "name": "t:names.text_with_icons_type_2",
      "settings": {
        "main_subheading": "",
        "main_heading": "",
        "main_desc": "",
        "heading_aligment": "text-center",
        "top_spacing": "normal",
        "top_spacing_none_index": false,
        "width": "default",
        "grid": "page-grid-3",
        "grid_tablet": "page-grid-st-3",
        "content_align": "align-items-start",
        "heading_size": "h5",
        "icon_width": 30,
        "show_icon_box": true,
        "icon_box_roundness": 10,
        "hover_underline": true,
        "show_lines": true,
        "lines_width": "fullwidth",
        "background": "color",
        "color_background": "#ffffff",
        "gradient": "",
        "image_overlay_opacity": 0,
        "image_overlay_color": "rgba(0,0,0,0)",
        "image_overlay_opacity_mobile": 0,
        "image_overlay_color_mobile": "rgba(0,0,0,0)",
        "show_parallax": false,
        "imagealign": "center",
        "imagesize": "cover",
        "background_width": "fullwidth",
        "background_spacing": "medium",
        "remove_bottom_spacing": false,
        "color_base": "rgba(0,0,0,0)",
        "color_accent": "rgba(0,0,0,0)",
        "color_lines": "rgba(0,0,0,0)",
        "color_text_link": "rgba(0,0,0,0)",
        "color_text_link_hover": "rgba(0,0,0,0)",
        "color_desc": "rgba(0,0,0,0)",
        "color_text_icons": "rgba(0,0,0,0)",
        "color_text_icons_bg": "rgba(0,0,0,0)",
        "color_link": "rgba(0,0,0,0)",
        "color_link_icon": "rgba(0,0,0,0)",
        "color_link_hover": "rgba(0,0,0,0)",
        "color_link_icon_hover": "rgba(0,0,0,0)"
      }
    },
    "newsletter_signup_hVUenG": {
      "type": "newsletter-signup",
      "name": "t:names.newsletter_signup",
      "settings": {
        "main_subheading": "Newsletter Signup",
        "main_heading": "Join the Style Circle",
        "main_desc": "Get exclusive offers, early access, and style inspiration.",
        "heading_aligment": "text-left",
        "top_spacing": "none",
        "top_spacing_none_index": false,
        "width": "default",
        "show_newsletter": true,
        "desc2": "<p>By clicking the button you agree to the <a href=\"/\"><strong>Privacy Policy</strong></a> and <a href=\"/\"><strong>Terms and Conditions</strong></a>.</p>",
        "show_social": true,
        "show_lines": true,
        "lines_width": "fullwidth",
        "background": "color",
        "color_background": "#000000",
        "gradient": "",
        "image_overlay_opacity": 0,
        "image_overlay_color": "rgba(0,0,0,0)",
        "image_overlay_opacity_mobile": 0,
        "image_overlay_color_mobile": "rgba(0,0,0,0)",
        "show_parallax": false,
        "imagealign": "center",
        "imagesize": "cover",
        "background_width": "fullwidth",
        "background_spacing": "medium",
        "remove_bottom_spacing": false,
        "color_base": "#ffffff",
        "color_accent": "#ffffff",
        "color_lines": "#444444",
        "color_heading": "rgba(0,0,0,0)",
        "color_text_link": "rgba(0,0,0,0)",
        "color_text_link_hover": "rgba(0,0,0,0)",
        "color_social_icons": "rgba(0,0,0,0)",
        "color_social_icons_hover": "rgba(0,0,0,0)",
        "color_input_background": "#333333",
        "color_input_border": "rgba(0,0,0,0)",
        "color_input_text": "rgba(0,0,0,0)",
        "color_input_icon": "rgba(0,0,0,0)",
        "color_input_background_hover": "rgba(0,0,0,0)",
        "color_input_border_hover": "#777777",
        "color_input_outline_hover": "#444444",
        "color_input_text_hover": "#000000",
        "color_input_icon_hover": "#000000"
      }
    },
    "footer": {
      "type": "footer",
      "blocks": {
        "link_list_tCkgCf": {
          "type": "link_list",
          "settings": {
            "block_size": "big",
            "heading_text": "Collections",
            "enable_heading_text": false,
            "menu": "main-menu",
            "color_heading": "rgba(0,0,0,0)",
            "color_text_link": "rgba(0,0,0,0)",
            "color_text_link_hover": "rgba(0,0,0,0)"
          }
        },
        "link_list_QJcrLk": {
          "type": "link_list",
          "settings": {
            "block_size": "default",
            "heading_text": "Company",
            "enable_heading_text": false,
            "menu": "main-menu",
            "color_heading": "rgba(0,0,0,0)",
            "color_text_link": "rgba(0,0,0,0)",
            "color_text_link_hover": "rgba(0,0,0,0)"
          }
        },
        "banner_UPUfLQ": {
          "type": "banner",
          "settings": {
            "image": "",
            "image_hover": "",
            "image_ratio": "auto",
            "image_ratio_mobile": "auto",
            "roundness_type": "default",
            "roundness": 20,
            "image_overlay_opacity": 70,
            "image_overlay_fill": false,
            "url": "",
            "heading_text": "New In Weekly",
            "desc": "<h6>Fresh drops. Nonstop style</h6>",
            "heading_after_description": true,
            "button_name": "",
            "heading_size_px": 40,
            "heading_size_px_tablet": 32,
            "heading_size_px_mobile": 32,
            "hover_underline": false,
            "position": "align-items-end justify-content-center",
            "position_mobile": "align-items-end-m justify-content-center-m",
            "text_align": "text-center",
            "description_width": 100,
            "description_width_tablet": 100,
            "description_width_mobile": 100,
            "show_background": false,
            "box_opacity": 90,
            "heading_text_link": "#ffffff",
            "heading_text_link_hover": "#ffffff",
            "color_desc": "#ffffff",
            "color_desc_hover": "#ffffff",
            "show_button_bg": true,
            "color_button": "rgba(0,0,0,0)",
            "color_button_gradient": "",
            "color_button_border": "rgba(0,0,0,0)",
            "color_button_text": "rgba(0,0,0,0)",
            "show_button_bg_hover": true,
            "color_button_hover": "rgba(0,0,0,0)",
            "color_button_gradient_hover": "",
            "color_button_border_hover": "rgba(0,0,0,0)",
            "color_button_text_hover": "rgba(0,0,0,0)",
            "show_shadow_button": false,
            "color_shadow_button": "rgba(0,0,0,0)",
            "color_shadow_hover_button": "rgba(0,0,0,0)",
            "color_background_box": "rgba(0,0,0,0)",
            "color_background_box_hover": "rgba(0,0,0,0)",
            "image_overlay_color": "rgba(0,0,0,0)"
          }
        },
        "banner_PEmzNF": {
          "type": "banner",
          "settings": {
            "image": "",
            "image_hover": "",
            "image_ratio": "auto",
            "image_ratio_mobile": "auto",
            "roundness_type": "default",
            "roundness": 20,
            "image_overlay_opacity": 50,
            "image_overlay_fill": false,
            "url": "",
            "heading_text": "Style Starts Here",
            "desc": "<h6>Shop the collection</h6>",
            "heading_after_description": false,
            "button_name": "",
            "heading_size_px": 40,
            "heading_size_px_tablet": 32,
            "heading_size_px_mobile": 32,
            "hover_underline": false,
            "position": "align-items-end justify-content-center",
            "position_mobile": "align-items-end-m justify-content-center-m",
            "text_align": "text-center",
            "description_width": 100,
            "description_width_tablet": 100,
            "description_width_mobile": 100,
            "show_background": false,
            "box_opacity": 90,
            "heading_text_link": "#ffffff",
            "heading_text_link_hover": "#ffffff",
            "color_desc": "#ffffff",
            "color_desc_hover": "#ffffff",
            "show_button_bg": true,
            "color_button": "rgba(0,0,0,0)",
            "color_button_gradient": "",
            "color_button_border": "rgba(0,0,0,0)",
            "color_button_text": "rgba(0,0,0,0)",
            "show_button_bg_hover": true,
            "color_button_hover": "rgba(0,0,0,0)",
            "color_button_gradient_hover": "",
            "color_button_border_hover": "rgba(0,0,0,0)",
            "color_button_text_hover": "rgba(0,0,0,0)",
            "show_shadow_button": true,
            "color_shadow_button": "rgba(0,0,0,0)",
            "color_shadow_hover_button": "rgba(0,0,0,0)",
            "color_background_box": "rgba(0,0,0,0)",
            "color_background_box_hover": "rgba(0,0,0,0)",
            "image_overlay_color": "rgba(0,0,0,0)"
          }
        },
        "media_with_text_8UCif9": {
          "type": "media_with_text",
          "disabled": true,
          "settings": {
            "show_image": "hide",
            "image_ratio": "auto",
            "logo_svg": "",
            "logo_max_width": 170,
            "url": "",
            "heading_text": "Contact Information",
            "enable_heading_text": false,
            "align_content": "center",
            "text_icon_width": 20,
            "icon_name_1": "Phone",
            "description_1": "<h4>(555) 555-1000</h4>",
            "icon_name_2": "",
            "description_2": "",
            "icon_name_3": "",
            "description_3": "<p>Open daily from 9:00 AM – 7:00 PM</p><p>123 Madison Avenue, Suite 456,<br/>New York, NY 10010, USA</p><p><a href=\"/pages/contacts-us\" title=\"Contacts Us\">support@yourstore.com</a></p>",
            "icon_name_4": "",
            "description_4": "",
            "icon_name_5": "",
            "description_5": "",
            "button_name": "",
            "color_heading": "rgba(0,0,0,0)",
            "color_desc": "rgba(0,0,0,0)",
            "color_text_icons": "rgba(0,0,0,0)",
            "color_text_link": "#ffffff",
            "color_text_link_hover": "#304ffe",
            "show_button_bg": true,
            "color_button": "rgba(0,0,0,0)",
            "color_button_gradient": "",
            "color_button_border": "rgba(0,0,0,0)",
            "color_button_text": "rgba(0,0,0,0)",
            "show_button_bg_hover": true,
            "color_button_hover": "rgba(0,0,0,0)",
            "color_button_gradient_hover": "",
            "color_button_border_hover": "rgba(0,0,0,0)",
            "color_button_text_hover": "rgba(0,0,0,0)",
            "show_shadow_button": true,
            "color_shadow_button": "rgba(0,0,0,0)",
            "color_shadow_hover_button": "rgba(0,0,0,0)"
          }
        },
        "social_dBCLBH": {
          "type": "social",
          "disabled": true,
          "settings": {
            "show_logo": true,
            "logo_svg": "<svg width=\"111\" height=\"20\" viewbox=\"0 0 111 20\" fill=\"none\" xmlns=\"http://www.w3.org/2000/svg\">\n<path d=\"M47.8375 0V19.6223H52.3773V13.1223L54.0289 11.345L59.9268 19.6223H65.357L57.4502 8.63189L64.5434 0H59.2424L52.6908 8.05255H52.3773V0H47.8375Z\" fill=\"#304FFE\"></path>\n<path fill-rule=\"evenodd\" clip-rule=\"evenodd\" d=\"M31.9229 18.7536C33.3024 19.5845 34.9327 20 36.8138 20C38.6949 20 40.3252 19.5845 41.7047 18.7536C43.0842 17.9227 44.1502 16.7603 44.9026 15.2663C45.6634 13.7724 46.0438 12.0266 46.0438 10.0291C46.0438 8.03158 45.6634 6.28163 44.9026 4.77929C44.1502 3.27693 43.0842 2.1103 41.7047 1.27941C40.3252 0.448494 38.6949 0.0330493 36.8138 0.0330493C34.9327 0.0330493 33.3024 0.448494 31.9229 1.27941C30.5434 2.1103 29.4733 3.27693 28.7125 4.77929C27.96 6.28163 27.5838 8.03158 27.5838 10.0291C27.5838 12.0266 27.96 13.7724 28.7125 15.2663C29.4733 16.7603 30.5434 17.9227 31.9229 18.7536ZM39.3972 15.5055C38.7116 16.0679 37.8589 16.349 36.8389 16.349C35.7938 16.349 34.9243 16.0679 34.2304 15.5055C33.5448 14.9348 33.0307 14.171 32.6879 13.2142C32.3535 12.2574 32.1863 11.1915 32.1863 10.0165C32.1863 8.8331 32.3535 7.763 32.6879 6.8062C33.0307 5.84101 33.5448 5.07303 34.2304 4.5023C34.9243 3.93158 35.7938 3.64623 36.8389 3.64623C37.8589 3.64623 38.7116 3.93158 39.3972 4.5023C40.0828 5.07303 40.5928 5.84101 40.9272 6.8062C41.27 7.763 41.4414 8.8331 41.4414 10.0165C41.4414 11.1915 41.27 12.2574 40.9272 13.2142C40.5928 14.171 40.0828 14.9348 39.3972 15.5055Z\" fill=\"#304FFE\"></path>\n<path d=\"M0 0.28483L5.4427 19.6223H10.1831L13.7948 6.55439H14.0582L17.67 19.6223H22.3978L27.8531 0.28483H23.213L19.8771 13.806H19.689L16.2278 0.28483H11.6504L8.18913 13.8815H8.01356L4.62755 0.28483H0Z\" fill=\"#304FFE\"></path>\n<path d=\"M66.8841 7.69222V19.6223H71.4238V7.69222H66.8841Z\" fill=\"#304FFE\"></path>\n<path d=\"M69.1665 4.9477C68.4475 4.9477 67.8288 4.70851 67.3105 4.23011C66.7921 3.74332 66.5329 3.16001 66.5329 2.48017C66.5329 1.79194 66.7921 1.20863 67.3105 0.730227C67.8288 0.243439 68.4475 4.52111e-05 69.1665 4.52111e-05C69.8939 4.52111e-05 70.5125 0.243439 71.0225 0.730227C71.5409 1.20863 71.8001 1.79194 71.8001 2.48017C71.8001 3.16001 71.5409 3.74332 71.0225 4.23011C70.5125 4.70851 69.8939 4.9477 69.1665 4.9477Z\" fill=\"#304FFE\"></path>\n<path fill-rule=\"evenodd\" clip-rule=\"evenodd\" d=\"M77.5566 18.7914C78.9612 19.5971 80.6291 20 82.5604 20C84.0569 20 85.3863 19.7734 86.5484 19.3202C87.7105 18.8585 88.6636 18.2123 89.4077 17.3814C90.1601 16.5421 90.6701 15.5601 90.9377 14.4354L86.6989 13.957C86.4982 14.5026 86.2014 14.96 85.8085 15.3293C85.4155 15.6986 84.9515 15.9797 84.4164 16.1728C83.8814 16.3574 83.2836 16.4498 82.6231 16.4498C81.6366 16.4498 80.7755 16.2399 80.0397 15.8203C79.304 15.3922 78.7313 14.7795 78.3216 13.9822C77.9258 13.2037 77.7212 12.2762 77.7078 11.1999H91.1258V9.8025C91.1258 8.1071 90.8917 6.64674 90.4235 5.42136C89.9553 4.18757 89.3115 3.17201 88.4922 2.37469C87.6812 1.57735 86.7449 0.989852 85.6831 0.612159C84.6296 0.226078 83.5093 0.0330493 82.3221 0.0330493C80.4828 0.0330493 78.8818 0.456881 77.519 1.30459C76.1562 2.14389 75.0945 3.3189 74.3337 4.82963C73.5812 6.332 73.205 8.07774 73.205 10.0669C73.205 12.0896 73.5812 13.8479 74.3337 15.3419C75.0861 16.8274 76.1604 17.9773 77.5566 18.7914ZM77.7164 8.1281C77.76 7.37048 77.9534 6.66966 78.2965 6.02565C78.6895 5.29544 79.2371 4.70795 79.9394 4.26311C80.6417 3.8099 81.4568 3.58328 82.3848 3.58328C83.2543 3.58328 84.0151 3.78051 84.6673 4.17498C85.3277 4.56947 85.8419 5.1108 86.2098 5.79903C86.5776 6.47887 86.7657 7.25521 86.7741 8.1281H77.7164Z\" fill=\"#304FFE\"></path>\n<path fill-rule=\"evenodd\" clip-rule=\"evenodd\" d=\"M102.435 20C100.503 20 98.8354 19.5971 97.4309 18.7914C96.0347 17.9773 94.9604 16.8274 94.2079 15.3419C93.4555 13.8479 93.0792 12.0896 93.0792 10.0669C93.0792 8.07774 93.4555 6.332 94.2079 4.82963C94.9687 3.3189 96.0305 2.14389 97.3933 1.30459C98.756 0.456881 100.357 0.0330493 102.196 0.0330493C103.384 0.0330493 104.504 0.226078 105.557 0.612159C106.619 0.989852 107.555 1.57735 108.366 2.37469C109.186 3.17201 109.83 4.18757 110.298 5.42136C110.766 6.64674 111 8.1071 111 9.8025V11.1999H97.5821C97.5954 12.2762 97.8 13.2037 98.1959 13.9822C98.6055 14.7795 99.1782 15.3922 99.914 15.8203C100.65 16.2399 101.511 16.4498 102.497 16.4498C103.158 16.4498 103.756 16.3574 104.291 16.1728C104.826 15.9797 105.29 15.6986 105.683 15.3293C106.076 14.96 106.372 14.5026 106.573 13.957L110.812 14.4354C110.544 15.5601 110.034 16.5421 109.282 17.3814C108.538 18.2123 107.585 18.8585 106.423 19.3202C105.261 19.7734 103.931 20 102.435 20ZM98.1708 6.02565C97.8276 6.66966 97.6343 7.37048 97.5906 8.1281H106.648C106.64 7.25521 106.452 6.47887 106.084 5.79903C105.716 5.1108 105.202 4.56947 104.542 4.17498C103.889 3.78051 103.129 3.58328 102.259 3.58328C101.331 3.58328 100.516 3.8099 99.8136 4.26311C99.1114 4.70795 98.5638 5.29544 98.1708 6.02565Z\" fill=\"#304FFE\"></path>\n</svg>",
            "logo_max_width": 130,
            "heading_size": "h5",
            "heading_text": "Sign up for our e-mail and be the first who know our special offers!",
            "desc": "",
            "show_newsletter": true,
            "desc2": "<p>By clicking the button you agree to the <a href=\"/\">Privacy Policy</a> and <a href=\"/\">Terms and Conditions</a>.</p>",
            "show_social": true,
            "enable_follow_on_shop": true,
            "color_heading": "rgba(0,0,0,0)",
            "color_desc": "rgba(0,0,0,0)",
            "color_text_link": "#ffffff",
            "color_text_link_hover": "rgba(0,0,0,0)",
            "color_social_icons": "rgba(0,0,0,0)",
            "color_social_icons_hover": "rgba(0,0,0,0)",
            "color_input_background": "#444444",
            "color_input_border": "rgba(0,0,0,0)",
            "color_input_text": "rgba(0,0,0,0)",
            "color_input_icon": "rgba(0,0,0,0)",
            "color_input_background_hover": "rgba(0,0,0,0)",
            "color_input_border_hover": "#777777",
            "color_input_outline_hover": "#444444",
            "color_input_text_hover": "#000000",
            "color_input_icon_hover": "#000000"
          }
        }
      },
      "block_order": [
        "link_list_tCkgCf",
        "link_list_QJcrLk",
        "banner_UPUfLQ",
        "banner_PEmzNF",
        "media_with_text_8UCif9",
        "social_dBCLBH"
      ],
      "settings": {
        "top_spacing": "none",
        "top_spacing_none_index": false,
        "width": "default",
        "grid": "page-grid-md-2 page-grid-4",
        "grid_tablet": "page-grid-st-2",
        "image_hover": "default",
        "show_all_text_in_admin": true,
        "enable_accordion": true,
        "enable_country_selector": true,
        "enable_language_selector": true,
        "payment_enable": true,
        "show_policy": true,
        "show_lines": true,
        "show_lines_bottom": false,
        "lines_width": "fullwidth",
        "background": "color",
        "color_background": "#000000",
        "gradient": "",
        "imagealign": "center",
        "imagesize": "cover",
        "image_overlay_opacity": 30,
        "background_width": "fullwidth",
        "background_spacing": "medium",
        "color_base": "#ffffff",
        "color_accent": "rgba(0,0,0,0)",
        "color_lines": "#444444",
        "selector_background": "#444444",
        "selector_text": "#ffffff",
        "selector_text_hover": "#ffffff"
      }
    }
  },
  "order": [
    "footer_sticky_nav_PTczbK",
    "text_columns_with_icons_type_2_gDk83X",
    "newsletter_signup_hVUenG",
    "footer"
  ]
}
