{"name":"Header","type":"header","sections":{"popup_search_modules_jWTP6h":{"type":"popup-search-modules","blocks":{"buttons_list_mKAzmL":{"type":"buttons-list","settings":{"main_heading":"Popular searches","menu":"main-menu","show_icon":true,"button_border_width_main":1,"show_button_bg":true,"color_button":"#ffffff","color_button_gradient":"","color_button_border":"#d9d9d9","color_button_text":"rgba(0,0,0,0)","show_button_bg_hover":true,"color_button_hover":"rgba(0,0,0,0)","color_button_gradient_hover":"","color_button_border_hover":"rgba(0,0,0,0)","color_button_text_hover":"#ffffff"},"blocks":{}},"collection_list_fFHFpT":{"type":"collection-list","settings":{"main_heading":"","color_text_link":"rgba(0,0,0,0)","color_text_link_hover":"rgba(0,0,0,0)","color_desc":"rgba(0,0,0,0)"},"blocks":{"collection_item_UyTBJ9":{"type":"collection-item","settings":{"collection":"","collection_name":"","custom_link":""},"blocks":{}},"collection_item_fXwAR9":{"type":"collection-item","settings":{"collection":"","collection_name":"","custom_link":""},"blocks":{}},"collection_item_kfQN9F":{"type":"collection-item","settings":{"collection":"","collection_name":"","custom_link":""},"blocks":{}},"collection_item_LPyDYH":{"type":"collection-item","settings":{"collection":"","collection_name":"","custom_link":""},"blocks":{}},"collection_item_XUCycA":{"type":"collection-item","settings":{"collection":"","collection_name":"","custom_link":""},"blocks":{}},"collection_item_fihPed":{"type":"collection-item","settings":{"collection":"","collection_name":"","custom_link":""},"blocks":{}}},"block_order":["collection_item_UyTBJ9","collection_item_fXwAR9","collection_item_kfQN9F","collection_item_LPyDYH","collection_item_XUCycA","collection_item_fihPed"]},"products_list_YLQifc":{"type":"products-list","disabled":true,"settings":{"collection":"","main_heading":"Most-Loved Products","color_meta_products":"rgba(0,0,0,0)","color_meta_products_hover":"rgba(0,0,0,0)","color_product_name":"rgba(0,0,0,0)","color_product_name_hover":"rgba(0,0,0,0)","color_price":"rgba(0,0,0,0)","color_save_price":"rgba(0,0,0,0)","color_old_price":"rgba(0,0,0,0)","color_interface_button":"rgba(0,0,0,0)","color_interface_button_text":"rgba(0,0,0,0)","color_interface_button_hover":"rgba(0,0,0,0)","color_interface_button_text_hover":"rgba(0,0,0,0)","color_active_rating":"rgba(0,0,0,0)","color_base_rating":"rgba(0,0,0,0)"},"blocks":{}},"banners_list_WnAdUN":{"type":"banners-list","disabled":true,"settings":{"main_heading":"Banners"},"blocks":{"banner_item_WMBbqk":{"type":"banner-item","settings":{"content_type":"image","image_overlay_opacity":100,"image_overlay_fill":false,"video_url":"https:\/\/www.youtube.com\/watch?v=_9VUPq3SxOc","video_slide_mode":"autoplay_muted","url":"","heading_text":"Heading","desc":"<p>Tell more about your product, collection...<\/p>","heading_after_description":false,"button_name":"","heading_size_px":40,"heading_size_px_tablet":32,"heading_size_px_mobile":32,"hover_underline":true,"position":"align-items-end justify-content-center","position_mobile":"align-items-end-m justify-content-center-m","text_align":"text-center","description_width":80,"description_width_tablet":80,"description_width_mobile":80,"show_background":false,"box_opacity":90,"heading_text_link":"#ffffff","heading_text_link_hover":"#ffffff","color_desc":"#ffffff","color_desc_hover":"rgba(0,0,0,0)","show_button_bg":true,"color_button":"rgba(0,0,0,0)","color_button_gradient":"","color_button_border":"rgba(0,0,0,0)","color_button_text":"rgba(0,0,0,0)","show_button_bg_hover":true,"color_button_hover":"rgba(0,0,0,0)","color_button_gradient_hover":"","color_button_border_hover":"rgba(0,0,0,0)","color_button_text_hover":"rgba(0,0,0,0)","show_shadow_button":true,"color_shadow_button":"rgba(0,0,0,0)","color_shadow_hover_button":"rgba(0,0,0,0)","color_background_box":"rgba(0,0,0,0)","color_background_box_hover":"rgba(0,0,0,0)","color_media_background":"rgba(0,0,0,0)","color_media_icon":"rgba(0,0,0,0)","color_media_background_hover":"rgba(0,0,0,0)","color_media_icon_hover":"rgba(0,0,0,0)","image_overlay_color":"rgba(0,0,0,0)"},"blocks":{}},"banner_item_hPjPV8":{"type":"banner-item","settings":{"content_type":"image","image_overlay_opacity":100,"image_overlay_fill":false,"video_url":"https:\/\/www.youtube.com\/watch?v=_9VUPq3SxOc","video_slide_mode":"autoplay_muted","url":"","heading_text":"Heading","desc":"<p>Tell more about your product, collection...<\/p>","heading_after_description":false,"button_name":"","heading_size_px":40,"heading_size_px_tablet":32,"heading_size_px_mobile":32,"hover_underline":true,"position":"align-items-end justify-content-center","position_mobile":"align-items-end-m justify-content-center-m","text_align":"text-center","description_width":80,"description_width_tablet":80,"description_width_mobile":80,"show_background":false,"box_opacity":90,"heading_text_link":"#ffffff","heading_text_link_hover":"#ffffff","color_desc":"#ffffff","color_desc_hover":"rgba(0,0,0,0)","show_button_bg":true,"color_button":"rgba(0,0,0,0)","color_button_gradient":"","color_button_border":"rgba(0,0,0,0)","color_button_text":"rgba(0,0,0,0)","show_button_bg_hover":true,"color_button_hover":"rgba(0,0,0,0)","color_button_gradient_hover":"","color_button_border_hover":"rgba(0,0,0,0)","color_button_text_hover":"rgba(0,0,0,0)","show_shadow_button":true,"color_shadow_button":"rgba(0,0,0,0)","color_shadow_hover_button":"rgba(0,0,0,0)","color_background_box":"rgba(0,0,0,0)","color_background_box_hover":"rgba(0,0,0,0)","color_media_background":"rgba(0,0,0,0)","color_media_icon":"rgba(0,0,0,0)","color_media_background_hover":"rgba(0,0,0,0)","color_media_icon_hover":"rgba(0,0,0,0)","image_overlay_color":"rgba(0,0,0,0)"},"blocks":{}},"banner_item_mwMcRn":{"type":"banner-item","settings":{"content_type":"image","image_overlay_opacity":100,"image_overlay_fill":false,"video_url":"https:\/\/www.youtube.com\/watch?v=_9VUPq3SxOc","video_slide_mode":"autoplay_muted","url":"","heading_text":"Heading","desc":"<p>Tell more about your product, collection...<\/p>","heading_after_description":false,"button_name":"","heading_size_px":40,"heading_size_px_tablet":32,"heading_size_px_mobile":32,"hover_underline":true,"position":"align-items-end justify-content-center","position_mobile":"align-items-end-m justify-content-center-m","text_align":"text-center","description_width":80,"description_width_tablet":80,"description_width_mobile":80,"show_background":false,"box_opacity":90,"heading_text_link":"#ffffff","heading_text_link_hover":"#ffffff","color_desc":"#ffffff","color_desc_hover":"rgba(0,0,0,0)","show_button_bg":true,"color_button":"rgba(0,0,0,0)","color_button_gradient":"","color_button_border":"rgba(0,0,0,0)","color_button_text":"rgba(0,0,0,0)","show_button_bg_hover":true,"color_button_hover":"rgba(0,0,0,0)","color_button_gradient_hover":"","color_button_border_hover":"rgba(0,0,0,0)","color_button_text_hover":"rgba(0,0,0,0)","show_shadow_button":true,"color_shadow_button":"rgba(0,0,0,0)","color_shadow_hover_button":"rgba(0,0,0,0)","color_background_box":"rgba(0,0,0,0)","color_background_box_hover":"rgba(0,0,0,0)","color_media_background":"rgba(0,0,0,0)","color_media_icon":"rgba(0,0,0,0)","color_media_background_hover":"rgba(0,0,0,0)","color_media_icon_hover":"rgba(0,0,0,0)","image_overlay_color":"rgba(0,0,0,0)"},"blocks":{}}},"block_order":["banner_item_WMBbqk","banner_item_hPjPV8","banner_item_mwMcRn"]}},"block_order":["buttons_list_mKAzmL","collection_list_fFHFpT","products_list_YLQifc","banners_list_WnAdUN"],"name":"Search modules","settings":{"heading_aligment":"text-center","grid_collection":"page-grid-6","grid_tablet_collection":"page-grid-st-2","image_ratio_collection":"auto","text_align_collection":"text-center","hover_underline_collection":true,"show_products_count_collection":true,"grid_products":"page-grid-6","grid_tablet_products":"page-grid-st-2","image_ratio_product":"auto","product_limit":6,"text_align":"text-center","image_action":"show_secondary_image","hover_underline":true,"show_vendor":true,"show_price":true,"truncate_product_name":false,"enable_rating_product_card":true,"grid":"page-grid-3","grid_tablet":"page-grid-st-1","mobile_grid":"1","image_ratio":"auto","image_ratio_mobile":"auto","image_hover":"default","color_base":"rgba(0,0,0,0)","color_accent":"rgba(0,0,0,0)","color_search_main_heading":"rgba(0,0,0,0)","color_search_background":"rgba(0,0,0,0)","color_modal_overlay":"rgba(0,0,0,0)","color_search_close":"rgba(0,0,0,0)","color_search_input_background":"rgba(0,0,0,0)","color_search_input_border":"rgba(0,0,0,0)","color_search_input_text":"rgba(0,0,0,0)","color_search_input_icon":"rgba(0,0,0,0)","color_search_input_background_hover":"rgba(0,0,0,0)","color_search_input_border_hover":"rgba(0,0,0,0)","color_search_input_outline_hover":"rgba(0,0,0,0)","color_search_input_text_hover":"rgba(0,0,0,0)","color_search_input_icon_hover":"rgba(0,0,0,0)","color_search_heading":"rgba(0,0,0,0)","color_search_link":"rgba(0,0,0,0)","color_search_link_hover":"rgba(0,0,0,0)","color_search_product_vendor":"rgba(0,0,0,0)","color_search_product_name":"rgba(0,0,0,0)","color_search_product_name_hover":"rgba(0,0,0,0)","color_search_product_price":"rgba(0,0,0,0)","color_search_product_price_sale":"rgba(0,0,0,0)","color_search_product_price_old":"rgba(0,0,0,0)","color_search_show_all":"rgba(0,0,0,0)","color_search_show_all_hover":"rgba(0,0,0,0)","color_search_lines":"rgba(0,0,0,0)","color_active_rating":"rgba(0,0,0,0)","color_base_rating":"rgba(0,0,0,0)"}},"megamenu_modules_YzEhUC":{"type":"megamenu-modules","blocks":{"megamenu_item_rQhhbw":{"type":"megamenu-item","name":"Megamenu item","settings":{"heading":"Home","heading_closed_menu":false},"blocks":{"megamenu_fake_links_MRYTHc":{"type":"megamenu-fake-links","settings":{"enable_dynamic_grid":false,"grid_width_desktop":25,"column":1},"blocks":{}},"megamenu_fake_links_JGzgHj":{"type":"megamenu-fake-links","settings":{"enable_dynamic_grid":false,"grid_width_desktop":25,"column":1},"blocks":{}},"megamenu_empty_column_A9rfKJ":{"type":"megamenu-empty-column","name":"Empty column","settings":{"enable_dynamic_grid":false,"grid_width_desktop":25},"blocks":{}},"megamenu_banner_UzeiAg":{"type":"megamenu-banner","name":"Banner","settings":{"enable_dynamic_grid":false,"grid_width_desktop":25,"content_type":"image","image_ratio":"auto","roundness_type":"default","roundness":20,"image_overlay_opacity":0,"image_overlay_fill":false,"video_url":"https:\/\/www.youtube.com\/watch?v=_9VUPq3SxOc","video_slide_mode":"video_on_click","url":"https:\/\/themeforest.net\/item\/wokiee-multipurpose-shopify-theme\/22559417?s_rank=3","heading_text":"One Powerful Update","desc":"<p>Upgrade now and take your store to the next level!<\/p>","heading_after_description":false,"button_name":"","heading_size_px":34,"hover_underline":false,"position":"align-items-end justify-content-center","text_align":"text-center","description_width":100,"show_background":false,"box_opacity":90,"heading_text_link":"#ffffff","heading_text_link_hover":"#ffffff","color_desc":"#ffffff","color_desc_hover":"#ffffff","show_button_bg":true,"color_button":"rgba(0,0,0,0)","color_button_gradient":"","color_button_border":"rgba(0,0,0,0)","color_button_text":"rgba(0,0,0,0)","show_button_bg_hover":true,"color_button_hover":"rgba(0,0,0,0)","color_button_gradient_hover":"","color_button_border_hover":"rgba(0,0,0,0)","color_button_text_hover":"rgba(0,0,0,0)","show_shadow_button":true,"color_shadow_button":"rgba(0,0,0,0)","color_shadow_hover_button":"rgba(0,0,0,0)","color_background_box":"rgba(0,0,0,0)","color_background_box_hover":"rgba(0,0,0,0)","color_media_background":"rgba(0,0,0,0)","color_media_icon":"rgba(0,0,0,0)","color_media_background_hover":"rgba(0,0,0,0)","color_media_icon_hover":"rgba(0,0,0,0)","image_overlay_color":"rgba(0,0,0,0)"},"blocks":{}},"megamenu_banner_krxCkH":{"type":"megamenu-banner","name":"Banner","settings":{"enable_dynamic_grid":false,"grid_width_desktop":25,"content_type":"image","image_ratio":"auto","roundness_type":"default","roundness":20,"image_overlay_opacity":0,"image_overlay_fill":false,"video_url":"https:\/\/www.youtube.com\/watch?v=_9VUPq3SxOc","video_slide_mode":"video_on_click","url":"https:\/\/www.portotheme.com\/support\/","heading_text":"Premium Customer Support Service","desc":"<p>From Power Elite Author P-themes<\/p>","heading_after_description":false,"button_name":"Ask a Question","heading_size_px":24,"hover_underline":false,"position":"align-items-end justify-content-center","text_align":"text-center","description_width":100,"show_background":false,"box_opacity":90,"heading_text_link":"rgba(0,0,0,0)","heading_text_link_hover":"#000000","color_desc":"rgba(0,0,0,0)","color_desc_hover":"rgba(0,0,0,0)","show_button_bg":true,"color_button":"#000000","color_button_gradient":"","color_button_border":"rgba(0,0,0,0)","color_button_text":"rgba(0,0,0,0)","show_button_bg_hover":true,"color_button_hover":"#304ffe","color_button_gradient_hover":"","color_button_border_hover":"rgba(0,0,0,0)","color_button_text_hover":"rgba(0,0,0,0)","show_shadow_button":false,"color_shadow_button":"rgba(0,0,0,0)","color_shadow_hover_button":"rgba(0,0,0,0)","color_background_box":"rgba(0,0,0,0)","color_background_box_hover":"rgba(0,0,0,0)","color_media_background":"rgba(0,0,0,0)","color_media_icon":"rgba(0,0,0,0)","color_media_background_hover":"rgba(0,0,0,0)","color_media_icon_hover":"rgba(0,0,0,0)","image_overlay_color":"rgba(0,0,0,0)"},"blocks":{}}},"block_order":["megamenu_fake_links_MRYTHc","megamenu_fake_links_JGzgHj","megamenu_empty_column_A9rfKJ","megamenu_banner_UzeiAg","megamenu_banner_krxCkH"]}},"block_order":["megamenu_item_rQhhbw"],"name":"Megamenu modules","settings":{"image_hover":"default"}},"header_Vx6JW4":{"type":"header","blocks":{"badges_FiApcm":{"type":"badges","settings":{"badge_items_1":"Skirts & Shorts","badge_text_1":"New","badge_color_bg_1":"#304ffe","badge_color_1":"rgba(0,0,0,0)","badge_items_2":"Buy Theme","badge_text_2":"$29","badge_color_bg_2":"#304ffe","badge_color_2":"rgba(0,0,0,0)","badge_items_3":"Up To 70% Off","badge_text_3":"Sale","badge_color_bg_3":"#f44336","badge_color_3":"rgba(0,0,0,0)","badge_items_4":"Grouped Product","badge_text_4":"Recommended","badge_color_bg_4":"#ff8a00","badge_color_4":"rgba(0,0,0,0)","badge_items_5":"","badge_text_5":"Hot","badge_color_bg_5":"rgba(0,0,0,0)","badge_color_5":"rgba(0,0,0,0)"}},"mega_menu_p8KUPQ":{"type":"mega_menu","settings":{"admin_open_megamenu":false,"mega_menu_item_name":"Home","grid":"5","submenu_size":"default","group_items":true,"text_aligment":"left","image_hover":"default","image_ratio":"auto","color_heading":"rgba(0,0,0,0)","color_heading_hover":"rgba(0,0,0,0)","color_link":"rgba(0,0,0,0)","color_link_hover":"rgba(0,0,0,0)","color_background":"rgba(0,0,0,0)","color_shadow":"rgba(0,0,0,0)"}},"topbar_YB3gFL":{"type":"topbar","settings":{"secondary_menu":"main-menu","show_social":true,"enable_country_selector":true,"enable_country_selector_flag":true,"enable_language_selector":true,"background":"color","color_background":"rgba(0,0,0,0)","gradient":"","imagealign":"center","imagesize":"cover","image_overlay_opacity":0,"image_overlay_color":"rgba(0,0,0,0)","color_menu":"rgba(0,0,0,0)","color_menu_hover":"rgba(0,0,0,0)","color_curr_lang":"rgba(0,0,0,0)","color_lines":"rgba(0,0,0,0)","color_social":"rgba(0,0,0,0)","color_social_hover":"rgba(0,0,0,0)","color_submenu_text":"rgba(0,0,0,0)","color_submenu_text_hover":"rgba(0,0,0,0)","color_submenu_bg":"rgba(0,0,0,0)","color_submenu_shadow":"rgba(0,0,0,0)"}},"phone_kxQtwc":{"type":"phone","settings":{"open_on":"hover","phone_icon__0":"phone","phone__0":"(555) 555-1000","text__0":"Open daily from 9:00 AM – 7:00 PM","phone_as_link__0":true,"main__0":true,"heading__1":"Online Store Consultants","show_icon__1":true,"phone_1__1":"(555) 555-1000","phone_2__1":"(555) 555-1001","phone_3__1":"","phone_4__1":"","phone_as_link__1":true,"info__1":"Open daily from 9:00 AM – 7:00 PM","heading__2":"Order Pickup Point","show_icon__2":true,"phone_1__2":"(555) 555-1002","phone_2__2":"","phone_3__2":"","phone_4__2":"","phone_as_link__2":true,"info__2":"Open daily from 9:00 AM – 7:00 PM","show_icon__3":"svg","icon_name__3":"whatsapp","block_heading__3":"Support on WhatsApp","block_text__3":"Chat with a consultant","url__3":"#","show_social__4":true,"block_heading_1__4":"Email:","block_text_1__4":"<a href=\"\/pages\/contacts-us\" title=\"Contacts Us\">support@yourstore.com<\/a>","block_heading_2__4":"Address:","block_text_2__4":"123 Madison Avenue, Suite 456, New York, NY 10010, USA","color_icon_main":"rgba(0,0,0,0)","color_text_main":"rgba(0,0,0,0)","color_slogan_main":"rgba(0,0,0,0)","color_submenu_lines":"rgba(0,0,0,0)","color_submenu_bg":"rgba(0,0,0,0)","color_submenu_shadow":"rgba(0,0,0,0)","color_heading_sub":"rgba(0,0,0,0)","color_icon_sub":"rgba(0,0,0,0)","color_text_sub":"rgba(0,0,0,0)","color_slogan_sub":"rgba(0,0,0,0)","color_social_sub":"rgba(0,0,0,0)","color_social_sub_hover":"rgba(0,0,0,0)","color_submenu_supp_icon":"rgba(0,0,0,0)","color_submenu_supp_icon_hover":"rgba(0,0,0,0)","color_submenu_supp_heading":"rgba(0,0,0,0)","color_submenu_supp_heading_hover":"rgba(0,0,0,0)","color_submenu_supp_text":"rgba(0,0,0,0)"}}},"block_order":["badges_FiApcm","mega_menu_p8KUPQ","topbar_YB3gFL","phone_kxQtwc"],"name":"Header: Classic menu","settings":{"menu":"main-menu","width":"default","enable__sticky_header":"mobile__desktop","sticky_type":"always","logo_svg":"<svg width=\"111\" height=\"20\" viewbox=\"0 0 111 20\" fill=\"none\" xmlns=\"http:\/\/www.w3.org\/2000\/svg\">\n<path d=\"M47.8375 0V19.6223H52.3773V13.1223L54.0289 11.345L59.9268 19.6223H65.357L57.4502 8.63189L64.5434 0H59.2424L52.6908 8.05255H52.3773V0H47.8375Z\" fill=\"#304FFE\"><\/path>\n<path fill-rule=\"evenodd\" clip-rule=\"evenodd\" d=\"M31.9229 18.7536C33.3024 19.5845 34.9327 20 36.8138 20C38.6949 20 40.3252 19.5845 41.7047 18.7536C43.0842 17.9227 44.1502 16.7603 44.9026 15.2663C45.6634 13.7724 46.0438 12.0266 46.0438 10.0291C46.0438 8.03158 45.6634 6.28163 44.9026 4.77929C44.1502 3.27693 43.0842 2.1103 41.7047 1.27941C40.3252 0.448494 38.6949 0.0330493 36.8138 0.0330493C34.9327 0.0330493 33.3024 0.448494 31.9229 1.27941C30.5434 2.1103 29.4733 3.27693 28.7125 4.77929C27.96 6.28163 27.5838 8.03158 27.5838 10.0291C27.5838 12.0266 27.96 13.7724 28.7125 15.2663C29.4733 16.7603 30.5434 17.9227 31.9229 18.7536ZM39.3972 15.5055C38.7116 16.0679 37.8589 16.349 36.8389 16.349C35.7938 16.349 34.9243 16.0679 34.2304 15.5055C33.5448 14.9348 33.0307 14.171 32.6879 13.2142C32.3535 12.2574 32.1863 11.1915 32.1863 10.0165C32.1863 8.8331 32.3535 7.763 32.6879 6.8062C33.0307 5.84101 33.5448 5.07303 34.2304 4.5023C34.9243 3.93158 35.7938 3.64623 36.8389 3.64623C37.8589 3.64623 38.7116 3.93158 39.3972 4.5023C40.0828 5.07303 40.5928 5.84101 40.9272 6.8062C41.27 7.763 41.4414 8.8331 41.4414 10.0165C41.4414 11.1915 41.27 12.2574 40.9272 13.2142C40.5928 14.171 40.0828 14.9348 39.3972 15.5055Z\" fill=\"#304FFE\"><\/path>\n<path d=\"M0 0.28483L5.4427 19.6223H10.1831L13.7948 6.55439H14.0582L17.67 19.6223H22.3978L27.8531 0.28483H23.213L19.8771 13.806H19.689L16.2278 0.28483H11.6504L8.18913 13.8815H8.01356L4.62755 0.28483H0Z\" fill=\"#304FFE\"><\/path>\n<path d=\"M66.8841 7.69222V19.6223H71.4238V7.69222H66.8841Z\" fill=\"#304FFE\"><\/path>\n<path d=\"M69.1665 4.9477C68.4475 4.9477 67.8288 4.70851 67.3105 4.23011C66.7921 3.74332 66.5329 3.16001 66.5329 2.48017C66.5329 1.79194 66.7921 1.20863 67.3105 0.730227C67.8288 0.243439 68.4475 4.52111e-05 69.1665 4.52111e-05C69.8939 4.52111e-05 70.5125 0.243439 71.0225 0.730227C71.5409 1.20863 71.8001 1.79194 71.8001 2.48017C71.8001 3.16001 71.5409 3.74332 71.0225 4.23011C70.5125 4.70851 69.8939 4.9477 69.1665 4.9477Z\" fill=\"#304FFE\"><\/path>\n<path fill-rule=\"evenodd\" clip-rule=\"evenodd\" d=\"M77.5566 18.7914C78.9612 19.5971 80.6291 20 82.5604 20C84.0569 20 85.3863 19.7734 86.5484 19.3202C87.7105 18.8585 88.6636 18.2123 89.4077 17.3814C90.1601 16.5421 90.6701 15.5601 90.9377 14.4354L86.6989 13.957C86.4982 14.5026 86.2014 14.96 85.8085 15.3293C85.4155 15.6986 84.9515 15.9797 84.4164 16.1728C83.8814 16.3574 83.2836 16.4498 82.6231 16.4498C81.6366 16.4498 80.7755 16.2399 80.0397 15.8203C79.304 15.3922 78.7313 14.7795 78.3216 13.9822C77.9258 13.2037 77.7212 12.2762 77.7078 11.1999H91.1258V9.8025C91.1258 8.1071 90.8917 6.64674 90.4235 5.42136C89.9553 4.18757 89.3115 3.17201 88.4922 2.37469C87.6812 1.57735 86.7449 0.989852 85.6831 0.612159C84.6296 0.226078 83.5093 0.0330493 82.3221 0.0330493C80.4828 0.0330493 78.8818 0.456881 77.519 1.30459C76.1562 2.14389 75.0945 3.3189 74.3337 4.82963C73.5812 6.332 73.205 8.07774 73.205 10.0669C73.205 12.0896 73.5812 13.8479 74.3337 15.3419C75.0861 16.8274 76.1604 17.9773 77.5566 18.7914ZM77.7164 8.1281C77.76 7.37048 77.9534 6.66966 78.2965 6.02565C78.6895 5.29544 79.2371 4.70795 79.9394 4.26311C80.6417 3.8099 81.4568 3.58328 82.3848 3.58328C83.2543 3.58328 84.0151 3.78051 84.6673 4.17498C85.3277 4.56947 85.8419 5.1108 86.2098 5.79903C86.5776 6.47887 86.7657 7.25521 86.7741 8.1281H77.7164Z\" fill=\"#304FFE\"><\/path>\n<path fill-rule=\"evenodd\" clip-rule=\"evenodd\" d=\"M102.435 20C100.503 20 98.8354 19.5971 97.4309 18.7914C96.0347 17.9773 94.9604 16.8274 94.2079 15.3419C93.4555 13.8479 93.0792 12.0896 93.0792 10.0669C93.0792 8.07774 93.4555 6.332 94.2079 4.82963C94.9687 3.3189 96.0305 2.14389 97.3933 1.30459C98.756 0.456881 100.357 0.0330493 102.196 0.0330493C103.384 0.0330493 104.504 0.226078 105.557 0.612159C106.619 0.989852 107.555 1.57735 108.366 2.37469C109.186 3.17201 109.83 4.18757 110.298 5.42136C110.766 6.64674 111 8.1071 111 9.8025V11.1999H97.5821C97.5954 12.2762 97.8 13.2037 98.1959 13.9822C98.6055 14.7795 99.1782 15.3922 99.914 15.8203C100.65 16.2399 101.511 16.4498 102.497 16.4498C103.158 16.4498 103.756 16.3574 104.291 16.1728C104.826 15.9797 105.29 15.6986 105.683 15.3293C106.076 14.96 106.372 14.5026 106.573 13.957L110.812 14.4354C110.544 15.5601 110.034 16.5421 109.282 17.3814C108.538 18.2123 107.585 18.8585 106.423 19.3202C105.261 19.7734 103.931 20 102.435 20ZM98.1708 6.02565C97.8276 6.66966 97.6343 7.37048 97.5906 8.1281H106.648C106.64 7.25521 106.452 6.47887 106.084 5.79903C105.716 5.1108 105.202 4.56947 104.542 4.17498C103.889 3.78051 103.129 3.58328 102.259 3.58328C101.331 3.58328 100.516 3.8099 99.8136 4.26311C99.1114 4.70795 98.5638 5.29544 98.1708 6.02565Z\" fill=\"#304FFE\"><\/path>\n<\/svg>","logo_max_width":130,"logo_svg_mobile":"<svg width=\"100\" height=\"18\" viewbox=\"0 0 100 18\" fill=\"none\" xmlns=\"http:\/\/www.w3.org\/2000\/svg\">\n<path d=\"M43.0969 0V17.6601H47.1867V11.8101L48.6747 10.2105L53.9881 17.6601H58.8802L51.7569 7.7687L58.1472 0H53.3715L47.4692 7.2473H47.1867V0H43.0969Z\" fill=\"#304FFE\"><\/path>\n<path fill-rule=\"evenodd\" clip-rule=\"evenodd\" d=\"M28.7594 16.8783C30.0022 17.6261 31.4709 18 33.1656 18C34.8603 18 36.329 17.6261 37.5718 16.8783C38.8146 16.1305 39.7749 15.0843 40.4528 13.7397C41.1382 12.3952 41.4809 10.824 41.4809 9.02618C41.4809 7.22842 41.1382 5.65347 40.4528 4.30136C39.7749 2.94923 38.8146 1.89927 37.5718 1.15147C36.329 0.403645 34.8603 0.0297444 33.1656 0.0297444C31.4709 0.0297444 30.0022 0.403645 28.7594 1.15147C27.5166 1.89927 26.5525 2.94923 25.8671 4.30136C25.1892 5.65347 24.8503 7.22842 24.8503 9.02618C24.8503 10.824 25.1892 12.3952 25.8671 13.7397C26.5525 15.0843 27.5166 16.1305 28.7594 16.8783ZM35.493 13.955C34.8754 14.4611 34.1071 14.7141 33.1882 14.7141C32.2467 14.7141 31.4634 14.4611 30.8382 13.955C30.2206 13.4413 29.7574 12.7539 29.4486 11.8928C29.1473 11.0317 28.9966 10.0724 28.9966 9.01487C28.9966 7.94979 29.1473 6.9867 29.4486 6.12558C29.7574 5.25691 30.2206 4.56572 30.8382 4.05207C31.4634 3.53842 32.2467 3.28161 33.1882 3.28161C34.1071 3.28161 34.8754 3.53842 35.493 4.05207C36.1106 4.56572 36.5701 5.25691 36.8713 6.12558C37.1801 6.9867 37.3346 7.94979 37.3346 9.01487C37.3346 10.0724 37.1801 11.0317 36.8713 11.8928C36.5701 12.7539 36.1106 13.4413 35.493 13.955Z\" fill=\"#304FFE\"><\/path>\n<path d=\"M0 0.256347L4.90333 17.6601H9.17397L12.4278 5.89895H12.6651L15.9189 17.6601H20.1782L25.0928 0.256347H20.9126L17.9073 12.4254H17.7379L14.6196 0.256347H10.4958L7.37759 12.4933H7.21942L4.16896 0.256347H0Z\" fill=\"#304FFE\"><\/path>\n<path d=\"M60.2559 6.923V17.6601H64.3458V6.923H60.2559Z\" fill=\"#304FFE\"><\/path>\n<path d=\"M62.3122 4.45293C61.6644 4.45293 61.107 4.23766 60.6401 3.8071C60.1731 3.36899 59.9396 2.84401 59.9396 2.23215C59.9396 1.61275 60.1731 1.08777 60.6401 0.657205C61.107 0.219095 61.6644 4.069e-05 62.3122 4.069e-05C62.9674 4.069e-05 63.5248 0.219095 63.9843 0.657205C64.4512 1.08777 64.6847 1.61275 64.6847 2.23215C64.6847 2.84401 64.4512 3.36899 63.9843 3.8071C63.5248 4.23766 62.9674 4.45293 62.3122 4.45293Z\" fill=\"#304FFE\"><\/path>\n<path fill-rule=\"evenodd\" clip-rule=\"evenodd\" d=\"M69.8708 16.9123C71.1362 17.6374 72.6389 18 74.3788 18C75.727 18 76.9246 17.796 77.9715 17.3881C79.0185 16.9727 79.8771 16.3911 80.5475 15.6432C81.2253 14.8879 81.6848 14.0041 81.9258 12.9919L78.1071 12.5613C77.9263 13.0523 77.6589 13.464 77.3049 13.7964C76.9509 14.1287 76.5329 14.3818 76.0508 14.5555C75.5688 14.7217 75.0303 14.8048 74.4352 14.8048C73.5465 14.8048 72.7707 14.6159 72.1079 14.2382C71.445 13.853 70.9291 13.3016 70.56 12.584C70.2034 11.8833 70.0191 11.0486 70.0071 10.0799H82.0953V8.82225C82.0953 7.29639 81.8844 5.98206 81.4626 4.87922C81.0408 3.76881 80.4608 2.85481 79.7227 2.13722C78.9921 1.41961 78.1485 0.890867 77.1919 0.550943C76.2429 0.20347 75.2336 0.0297444 74.1641 0.0297444C72.5071 0.0297444 71.0647 0.411193 69.837 1.17413C68.6092 1.9295 67.6527 2.98701 66.9673 4.34667C66.2894 5.6988 65.9505 7.26996 65.9505 9.06018C65.9505 10.8806 66.2894 12.4631 66.9673 13.8077C67.6451 15.1447 68.613 16.1795 69.8708 16.9123ZM70.0148 7.31529C70.0541 6.63343 70.2283 6.00269 70.5374 5.42308C70.8914 4.7659 71.3848 4.23715 72.0175 3.8368C72.6502 3.42891 73.3845 3.22495 74.2206 3.22495C75.0039 3.22495 75.6893 3.40246 76.2768 3.75748C76.8718 4.11252 77.3351 4.59972 77.6665 5.21912C77.9979 5.83098 78.1673 6.52969 78.1749 7.31529H70.0148Z\" fill=\"#304FFE\"><\/path>\n<path fill-rule=\"evenodd\" clip-rule=\"evenodd\" d=\"M92.2835 18C90.5436 18 89.0409 17.6374 87.7756 16.9123C86.5177 16.1795 85.5499 15.1447 84.872 13.8077C84.1941 12.4631 83.8552 10.8806 83.8552 9.06018C83.8552 7.26996 84.1941 5.6988 84.872 4.34667C85.5574 2.98701 86.514 1.9295 87.7417 1.17413C88.9694 0.411193 90.4118 0.0297444 92.0688 0.0297444C93.1384 0.0297444 94.1476 0.20347 95.0967 0.550943C96.0532 0.890867 96.8968 1.41961 97.6274 2.13722C98.3656 2.85481 98.9455 3.76881 99.3673 4.87922C99.7891 5.98206 100 7.29639 100 8.82225V10.0799H87.9118C87.9238 11.0486 88.1081 11.8833 88.4648 12.584C88.8338 13.3016 89.3498 13.853 90.0126 14.2382C90.6754 14.6159 91.4512 14.8048 92.34 14.8048C92.935 14.8048 93.4735 14.7217 93.9556 14.5555C94.4376 14.3818 94.8556 14.1287 95.2097 13.7964C95.5637 13.464 95.831 13.0523 96.0118 12.5613L99.8305 12.9919C99.5895 14.0041 99.1301 14.8879 98.4522 15.6432C97.7818 16.3911 96.9232 16.9727 95.8762 17.3881C94.8293 17.796 93.6317 18 92.2835 18ZM88.4422 5.42308C88.133 6.00269 87.9588 6.63343 87.9195 7.31529H96.0796C96.0721 6.52969 95.9026 5.83098 95.5712 5.21912C95.2398 4.59972 94.7766 4.11252 94.1815 3.75748C93.5941 3.40246 92.9086 3.22495 92.1253 3.22495C91.2893 3.22495 90.5549 3.42891 89.9222 3.8368C89.2895 4.23715 88.7962 4.7659 88.4422 5.42308Z\" fill=\"#304FFE\"><\/path>\n<\/svg>","logo_max_width_mobile":100,"menu_font_weight":"strong","logo_position":"logo-to-left","classic_menu_position":"top-menu-to-left","show_search":"opened","icons_text":"tooltip","show_top_line":false,"show_bottom_line":false,"width_line":"default","background_width":"fullwidth","background":"hide","color_background":"rgba(0,0,0,0)","gradient":"","imagealign":"center","imagesize":"cover","image_overlay_opacity":0,"image_overlay_color":"rgba(0,0,0,0)","color_base":"rgba(0,0,0,0)","color_accent":"rgba(0,0,0,0)","color_lines":"rgba(0,0,0,0)","color_menu_item":"rgba(0,0,0,0)","color_menu_item_hover":"rgba(0,0,0,0)","color_submenu_item":"rgba(0,0,0,0)","color_submenu_item_hover":"rgba(0,0,0,0)","color_submenu_background":"rgba(0,0,0,0)","color_submenu_shadow":"rgba(0,0,0,0)","color_icons":"rgba(0,0,0,0)","color_icons_text":"rgba(0,0,0,0)","color_icons_hover":"rgba(0,0,0,0)","color_icons_text_hover":"rgba(0,0,0,0)","color_counter":"rgba(0,0,0,0)","color_counter_hover":"rgba(0,0,0,0)","color_counter_text":"rgba(0,0,0,0)","color_counter_text_hover":"rgba(0,0,0,0)","color_input_background":"rgba(0,0,0,0)","color_input_border":"rgba(0,0,0,0)","color_input_text":"rgba(0,0,0,0)","color_input_icon":"rgba(0,0,0,0)","color_input_background_hover":"rgba(0,0,0,0)","color_input_border_hover":"rgba(0,0,0,0)","color_input_outline_hover":"rgba(0,0,0,0)","color_input_text_hover":"rgba(0,0,0,0)","color_input_icon_hover":"rgba(0,0,0,0)","color_search_heading":"rgba(0,0,0,0)","color_search_link":"rgba(0,0,0,0)","color_search_link_hover":"rgba(0,0,0,0)","color_search_product_vendor":"rgba(0,0,0,0)","color_search_product_name":"rgba(0,0,0,0)","color_search_product_name_hover":"rgba(0,0,0,0)","color_search_product_price":"rgba(0,0,0,0)","color_search_product_price_sale":"rgba(0,0,0,0)","color_search_product_price_old":"rgba(0,0,0,0)","color_search_show_all":"rgba(0,0,0,0)","color_search_show_all_hover":"rgba(0,0,0,0)","color_search_lines":"rgba(0,0,0,0)","color_search_background":"rgba(0,0,0,0)","color_search_shadow":"rgba(0,0,0,0)"}}},"order":["popup_search_modules_jWTP6h","megamenu_modules_YzEhUC","header_Vx6JW4"]}