{"name":"Popups","type":"custom.popups","sections":{"current_sales_popup_bUiFXX":{"type":"current-sales-popup","blocks":{"product_XxQ6MB":{"type":"product","settings":{"product":"balloon-pants","val_min":1,"val_max":16,"text1":"minutes ago from New York, USA","text2":"minutes ago from Berlin, Germany","text3":"minutes ago from Tokyo, Japan","text4":"minutes ago from Pekin, China","text5":"minutes ago from London, England"}},"product_DALHFQ":{"type":"product","settings":{"product":"linen-strap-top","val_min":1,"val_max":16,"text1":"minutes ago from New York, USA","text2":"minutes ago from Berlin, Germany","text3":"minutes ago from Tokyo, Japan","text4":"minutes ago from Pekin, China","text5":"minutes ago from London, England"}},"product_Lkt3Un":{"type":"product","settings":{"product":"baggy-jeans-1","val_min":1,"val_max":16,"text1":"minutes ago from New York, USA","text2":"minutes ago from Berlin, Germany","text3":"minutes ago from Tokyo, Japan","text4":"minutes ago from Pekin, China","text5":"minutes ago from London, England"}},"product_eqr69G":{"type":"product","settings":{"product":"boyfriend-jeans","val_min":1,"val_max":16,"text1":"minutes ago from New York, USA","text2":"minutes ago from Berlin, Germany","text3":"minutes ago from Tokyo, Japan","text4":"minutes ago from Pekin, China","text5":"minutes ago from London, England"}},"product_q4EXMw":{"type":"product","settings":{"product":"eco-leather-crossbody-bag","val_min":1,"val_max":16,"text1":"minutes ago from New York, USA","text2":"minutes ago from Berlin, Germany","text3":"minutes ago from Tokyo, Japan","text4":"minutes ago from Pekin, China","text5":"minutes ago from London, England"}},"product_n9GpEK":{"type":"product","settings":{"product":"retro-style-sneakers","val_min":1,"val_max":16,"text1":"minutes ago from New York, USA","text2":"minutes ago from Berlin, Germany","text3":"minutes ago from Tokyo, Japan","text4":"minutes ago from Pekin, China","text5":"minutes ago from London, England"}},"product_CVKRh7":{"type":"product","settings":{"product":"short-tulle-dress-with-straps","val_min":1,"val_max":16,"text1":"minutes ago from New York, USA","text2":"minutes ago from Berlin, Germany","text3":"minutes ago from Tokyo, Japan","text4":"minutes ago from Pekin, China","text5":"minutes ago from London, England"}},"product_xBj6wz":{"type":"product","settings":{"product":"linen-based-strap-top","val_min":1,"val_max":16,"text1":"minutes ago from New York, USA","text2":"minutes ago from Berlin, Germany","text3":"minutes ago from Tokyo, Japan","text4":"minutes ago from Pekin, China","text5":"minutes ago from London, England"}}},"block_order":["product_XxQ6MB","product_DALHFQ","product_Lkt3Un","product_eqr69G","product_q4EXMw","product_n9GpEK","product_CVKRh7","product_xBj6wz"],"disabled":true,"name":"t:names.current_sales_popup","settings":{"image_hover":"default","image_ratio":"auto","text1":"Someone purchsed a","val_first":10,"val_min":20,"val_max":40,"color_base":"#ffffff","color_accent":"rgba(0,0,0,0)","color_background":"#333333","color_shadow":"rgba(0,0,0,0)"}},"promotion_popup_GX66VX":{"type":"promotion-popup","blocks":{"image_iHNb3e":{"type":"image","settings":{"image_position":"dynamic","image_hover":"image-hover-none","image_ratio":"auto","image_ratio_mobile":"auto"}},"text_HWMnaf":{"type":"text","settings":{"text":"<h4>Make Your Shopify Store a Selling Machine!<\/h4>"}},"heading_WnWCX4":{"type":"heading","settings":{"text":"Skyrocket Your Sales Today!","font_size":64,"font_size_mobile":46,"color_text":"rgba(0,0,0,0)"}},"text_yXxfJb":{"type":"text","settings":{"text":"<h6>Convert clicks into loyal customers.<\/h6>"}},"button_GX79tY":{"type":"button","settings":{"text":"Upgrade to Wokiee 3.0","url":"https:\/\/themeforest.net\/item\/wokiee-multipurpose-shopify-theme\/22559417?s_rank=3","show_button_bg":true,"color_button":"rgba(0,0,0,0)","color_button_gradient":"","color_button_border":"rgba(0,0,0,0)","color_button_text":"rgba(0,0,0,0)","show_button_bg_hover":true,"color_button_hover":"rgba(0,0,0,0)","color_button_gradient_hover":"","color_button_border_hover":"rgba(0,0,0,0)","color_button_text_hover":"#000000","show_shadow_button":false,"color_shadow_button":"rgba(0,0,0,0)","color_shadow_hover_button":"rgba(0,0,0,0)"}}},"block_order":["image_iHNb3e","text_HWMnaf","heading_WnWCX4","text_yXxfJb","button_GX79tY"],"disabled":true,"name":"t:names.promotion_popup","settings":{"hide_in_admin":false,"show_mobile":true,"fixed_position":true,"popup_position":"popup-modal__center","modal_width":800,"text_aligment":"text-center","current_show_time":5,"next_show_time":5,"background":"hide","color_background":"rgba(0,0,0,0)","gradient":"","background_overlay":"color","color_overlay":"rgba(0,0,0,0)","image_overlay_opacity":0,"image_overlay_color":"rgba(0,0,0,0)","image_overlay_opacity_mobile":0,"image_overlay_color_mobile":"rgba(0,0,0,0)","imagealign":"center","opacity_overlay":90,"color_base":"#ffffff","color_accent":"rgba(0,0,0,0)","color_lines":"#ffffff","show_shadow":false,"color_shadow":"rgba(0,0,0,0)"}}},"order":["current_sales_popup_bUiFXX","promotion_popup_GX66VX"]}