{"current":{"license":"","supportcode":"Demo 1","hide_shopify_panel":false,"color_base":"#000000","color_accent":"#304ffe","color_background":"#ffffff","color_secondary_background":"#f0f0f0","color_lines":"#d9d9d9","color_heading":"rgba(0,0,0,0)","color_subheading":"rgba(0,0,0,0)","color_desc":"rgba(0,0,0,0)","color_text_link":"rgba(0,0,0,0)","color_text_link_hover":"rgba(0,0,0,0)","color_text_icons":"rgba(0,0,0,0)","color_icons":"rgba(0,0,0,0)","color_icons_hover":"rgba(0,0,0,0)","color_social_icons":"rgba(0,0,0,0)","color_social_icons_hover":"rgba(0,0,0,0)","color_input_background":"rgba(0,0,0,0)","color_input_border":"rgba(0,0,0,0)","color_input_text":"rgba(0,0,0,0)","color_input_icon":"rgba(0,0,0,0)","color_input_background_hover":"#ffffff","color_input_border_hover":"rgba(0,0,0,0)","color_input_text_hover":"rgba(0,0,0,0)","color_input_icon_hover":"rgba(0,0,0,0)","color_checkbox_background":"rgba(0,0,0,0)","color_checkbox_border":"rgba(0,0,0,0)","color_checkbox_text":"rgba(0,0,0,0)","color_checkbox_background_hover":"rgba(0,0,0,0)","color_checkbox_border_hover":"rgba(0,0,0,0)","color_checkbox_hover":"rgba(0,0,0,0)","color_checkbox_icon_hover":"#ffffff","color_shadow":"rgba(0,0,0,0)","color_tooltip":"#000000","color_tooltip_text":"#ffffff","image_overlay_color":"rgba(0,0,0,0)","image_preloader_bg_color":"rgba(0,0,0,0)","heading_font_type":"shopify","google_font_name_heading":"roboto","google_font_weight_heading":500,"type_header_font":"inter_n5","heading_scale":100,"body_font_type":"shopify","google_font_name_body":"Inter","google_font_weight_body":400,"google_font_weight_body_bold":700,"type_body_font":"inter_n4","body_scale":100,"price_font_type":"google","buttons_font_weight":"strong","headings_uppercase":false,"headings_letter_spacing":0,"buttons_uppercase":false,"menu_uppercase":false,"wokiee_rtl":false,"page_width_main":"page-width","page_width":1600,"padding_wide_horizontal":20,"spacing_grid_horizontal":20,"top_normal_desktop":100,"top_medium_desktop":60,"top_small_desktop":20,"top_normal_mobile":50,"top_medium_mobile":40,"top_small_mobile":15,"animate_image_show":true,"image_hover":"image-hover01","header_links_underline":false,"footer_links_underline":false,"matte_effect":true,"matte_effect_opacity":70,"roundness":20,"roundness_icon_image":8,"roundness_color_picker":100,"roundness_button_swatches":8,"roundness_button":8,"roundness_button_product_page":8,"roundness_input":8,"roundness_badge":8,"roundness_tooltip":6,"roundness_checkbox":14,"header_top_spacing_normal":0,"fixed_header_on_index":false,"color_transparent_header":"rgba(0,0,0,0)","color_transparent_header_hover":"rgba(0,0,0,0)","color_header_counter":"rgba(0,0,0,0)","color_header_counter_hover":"rgba(0,0,0,0)","color_header_counter_text":"rgba(0,0,0,0)","color_header_counter_text_hover":"rgba(0,0,0,0)","color_input_background_transparent":"rgba(0,0,0,0)","color_input_border_transparent":"rgba(0,0,0,0)","color_input_text_transparent":"rgba(0,0,0,0)","color_input_icon_transparent":"rgba(0,0,0,0)","color_input_background_hover_transparent":"rgba(0,0,0,0)","color_input_outline_hover_transparent":"rgba(0,0,0,0)","show_shadow_header":true,"horizontal_length_header":3,"blur_radius_header":18,"shadow_opacity_header":15,"header_top_spacing_mobile":0,"fixed_header_on_index_mobile":false,"show_shadow_header_mobile":true,"shadow_opacity_header_mobile":10,"color_base_header_mobile":"rgba(0,0,0,0)","color_accent_header_mobile":"rgba(0,0,0,0)","color_lines_header_mobile":"rgba(0,0,0,0)","color_background_header_mobile":"rgba(0,0,0,0)","color_mainmenu_sub":"rgba(0,0,0,0)","color_mainmenu_icon_sub":"rgba(0,0,0,0)","color_counter_sub":"rgba(0,0,0,0)","color_counter_text_sub":"rgba(0,0,0,0)","color_heading_sub":"rgba(0,0,0,0)","color_icon_sub":"rgba(0,0,0,0)","color_text_sub":"rgba(0,0,0,0)","color_slogan_sub":"rgba(0,0,0,0)","color_social_sub":"rgba(0,0,0,0)","color_submenu_supp_icon":"rgba(0,0,0,0)","color_submenu_supp_heading":"rgba(0,0,0,0)","color_submenu_supp_text":"rgba(0,0,0,0)","color_submenu_input_background":"rgba(0,0,0,0)","color_submenu_input_border":"rgba(0,0,0,0)","color_submenu_input_text":"rgba(0,0,0,0)","color_submenu_input_icon":"rgba(0,0,0,0)","color_submenu_input_background_hover":"rgba(0,0,0,0)","color_submenu_input_border_hover":"rgba(0,0,0,0)","color_submenu_input_outline_hover":"rgba(0,0,0,0)","color_submenu_input_text_hover":"rgba(0,0,0,0)","color_submenu_input_icon_hover":"rgba(0,0,0,0)","color_submenu_text":"rgba(0,0,0,0)","color_submenu_text_hover":"rgba(0,0,0,0)","color_submenu_bg":"rgba(0,0,0,0)","color_submenu_shadow":"rgba(0,0,0,0)","button_border_width_main":1,"color_button_text_main":"#ffffff","color_button_hover_main":"rgba(0,0,0,0)","color_button_gradient_hover_main":"","show_shadow_button_main":false,"horizontal_length_button_main":4,"vertical_length_button_main":4,"blur_radius_button_main":4,"shadow_opacity_button_main":25,"horizontal_length_hover_button_main":0,"vertical_length_hover_button_main":0,"blur_radius_hover_button_main":0,"shadow_opacity_hover_button_main":0,"button_border_width_secondary":1,"show_button_bg_secondary":false,"color_button_secondary":"rgba(0,0,0,0)","color_button_border_secondary":"rgba(0,0,0,0)","color_button_text_secondary":"rgba(0,0,0,0)","show_button_bg_hover_secondary":true,"color_button_gradient_hover_secondary":"","color_button_border_hover_secondary":"rgba(0,0,0,0)","color_button_text_hover_secondary":"#ffffff","show_shadow_button_secondary":false,"vertical_length_button_secondary":4,"blur_radius_button_secondary":4,"shadow_opacity_button_secondary":25,"horizontal_length_hover_button_secondary":0,"vertical_length_hover_button_secondary":0,"blur_radius_hover_button_secondary":0,"shadow_opacity_hover_button_secondary":0,"color_button_checkout":"#388e3c","color_button_gradient_hover_checkout":"","show_shadow_button_checkout":false,"vertical_length_button_checkout":4,"blur_radius_button_checkout":4,"shadow_opacity_button_checkout":25,"horizontal_length_hover_button_checkout":0,"vertical_length_hover_button_checkout":0,"blur_radius_hover_button_checkout":0,"shadow_opacity_hover_button_checkout":0,"button_border_width_tabs":0,"show_button_bg_tabs":true,"color_button_border_tabs":"#bdbdbd","color_link_button":"rgba(0,0,0,0)","color_link_button_icon":"rgba(0,0,0,0)","color_link_button_hover":"rgba(0,0,0,0)","color_link_button_icon_hover":"rgba(0,0,0,0)","color_media_background":"#FFFFFF","color_media_icon":"#000000","color_media_background_hover":"#000000","color_media_icon_hover":"#ffffff","color_media_dots":"rgba(0,0,0,0)","color_media_arrows":"rgba(0,0,0,0)","color_button_addtocart":"#388e3c","color_button_hover_addtocart":"rgba(0,0,0,0)","color_button_gradient_hover_addtocart":"","show_shadow_button_addtocart":false,"color_shadow_button_addtocart":"#000000","color_button_wishlistpage":"rgba(0,0,0,0)","color_button_icon_wishlistpage":"rgba(0,0,0,0)","show_shadow_button_wishlistpage":false,"color_button_icon_comparepage":"rgba(0,0,0,0)","show_shadow_button_comparepage":false,"button_border_width_swatches":1,"color_button_swatches":"#ffffff","color_button_border_swatches":"#bdbdbd","color_button_text_swatches":"rgba(0,0,0,0)","color_button_hover_swatches":"#000000","color_button_border_hover_swatches":"#000000","color_button_text_hover_swatches":"#ffffff","button_border_width_filter":1,"color_button_filter":"#ffffff","color_button_border_filter":"#bdbdbd","color_button_text_filter":"rgba(0,0,0,0)","color_button_hover_filter":"#000000","color_button_border_hover_filter":"#000000","color_button_text_hover_filter":"#FFFFFF","button_border_width_filter_reset":1,"color_button_filter_reset":"rgba(0,0,0,0)","color_button_border_filter_reset":"rgba(0,0,0,0)","color_button_text_filter_reset":"rgba(0,0,0,0)","color_button_hover_filter_reset":"rgba(0,0,0,0)","color_button_border_hover_filter_reset":"rgba(0,0,0,0)","color_button_text_hover_filter_reset":"rgba(0,0,0,0)","color_button_reset_all":"rgba(0,0,0,0)","color_button_reset_all_hover":"rgba(0,0,0,0)","swatches_design":"image","variants_names":"Color","image_hover_picker":"image-hover-none","variants_image_ratio":"auto","product_card_image_resize":"cover","product_card_button_type":"product_card__button_hover","product_card_price_size":"h5","image_hover_picker_product_card":"image-hover-none","variants_image_ratio_product_card":"auto","text_align_product_card":"text-left","hover_underline_product_card":true,"show_badge_on_sale_product_card":true,"show_badge_sold_out_product_card":true,"show_vendor_product_card":true,"show_type_product_card":false,"show_description_product_card":false,"show_quantity_product_card":false,"button_type_product_product_card":"hide","button_type_product_mobile_product_card":false,"enable_rating_product_card":false,"show_wishlist_product_card":true,"show_compare_product_card":true,"show_quick_view_product_card":true,"show_wishlist_mobile_product_card":true,"show_compare_mobile_product_card":false,"show_quick_view_mobile_product_card":false,"color_meta_products":"rgba(0,0,0,0)","color_meta_products_hover":"rgba(0,0,0,0)","color_product_name":"rgba(0,0,0,0)","color_product_name_hover":"rgba(0,0,0,0)","color_save_price":"#f44336","color_interface_button":"#FFFFFF","color_interface_button_text":"rgba(0,0,0,0)","color_interface_button_hover":"rgba(0,0,0,0)","color_interface_button_text_hover":"#FFFFFF","color_interface_button_external":"#f0f0f0","color_interface_button_text_external":"rgba(0,0,0,0)","color_interface_button_hover_external":"rgba(0,0,0,0)","color_interface_button_text_hover_external":"#FFFFFF","button_border_width_cardswatches":1,"color_button_cardswatches":"#ffffff","color_button_border_cardswatches":"#bdbdbd","color_button_text_cardswatches":"rgba(0,0,0,0)","color_button_hover_cardswatches":"#000000","color_button_border_hover_cardswatches":"#000000","color_button_text_hover_cardswatches":"#ffffff","cart_icon":"bag","cart_type":"drawer","show_cart_note":true,"show_add_discount_code":true,"terms_and_condition_checkbox":true,"show_vendor":true,"cart_drawer_collection":"most-loved-products","cart_drawer_image_ratio":"auto","continue_shopping_link":"shopify:\/\/collections","show_free_delivery":true,"free_delivery_price":"50","color_free_delivery_bar":"rgba(0,0,0,0)","color_free_delivery_bar_text":"rgba(0,0,0,0)","social_media_roundness":true,"social_media_1":"https:\/\/tiktok.com\/shopify","social_media_2":"https:\/\/instagram.com\/shopify","social_media_3":"https:\/\/youtube.com\/shopify","social_media_4":"","social_media_5":"","social_media_6":"","social_media_7":"","social_media_8":"","social_media_9":"","social_media_10":"","predictive_search_enabled":true,"predictive_search_show_vendor":true,"currency_code_enabled":false,"filter_tabs":"Size","filter_image_ratio":"auto","filter_image_grid":"4","filter_image":"tooltip","page_wishlist":"wishlist","page_compare":"compare","favicon":"shopify:\/\/shop_images\/fav.png","show_number_rating":false,"enable_breadcrumb":true,"background_width_breadcrumb":"fullwidth","breadcrumbs_background":"rgba(0,0,0,0)","color_navicons_sub":"rgba(0,0,0,0)","color_icons_sub":"rgba(0,0,0,0)","color_search_main_heading":"rgba(0,0,0,0)","color_search_background":"rgba(0,0,0,0)","color_modal_overlay":"rgba(0,0,0,0)","color_search_close":"rgba(0,0,0,0)","color_search_input_background":"rgba(0,0,0,0)","color_search_heading":"#388e3c","color_search_link":"#ffffff","color_search_link_hover":"#f44336","color_search_product_vendor":"#388e3c","color_search_product_name":"#FF8A00","color_search_product_name_hover":"#E0E5FF","color_search_product_price":"#FF8A00","color_search_product_price_sale":"#ffffff","color_search_product_price_old":"#304ffe","color_search_show_all":"#FF8A00","color_search_show_all_hover":"#ffffff","color_search_lines":"#ffffff","color_swatch":"rgba(0,0,0,0)","color_swatch_text":"rgba(0,0,0,0)","color_swatch_border":"rgba(0,0,0,0)","color_button_text_reset":"rgba(0,0,0,0)","color_button_text_hover_reset":"rgba(0,0,0,0)","wishlistproduct_button_border_width":3,"wishlistproduct_color_button":"#304ffe","wishlistproduct_color_button_border":"rgba(0,0,0,0)","wishlistproduct_color_button_border_hover":"rgba(0,0,0,0)","compareproduct_button_border_width":3,"compareproduct_color_button":"rgba(0,0,0,0)","compareproduct_color_button_border":"rgba(0,0,0,0)","compareproduct_color_button_border_hover":"rgba(0,0,0,0)","product_card_align_buttons":true,"color_shadow_hover":"rgba(0,0,0,0)","show_shadow_hover_button2":true,"button_background":"gradient","button_border":"gradient","color_button_border_gradient":"linear-gradient(136deg, rgba(10, 234, 237, 1) 11%, rgba(250, 13, 253, 1) 84%)","color_button_border_gradient_hover":"linear-gradient(54deg, rgba(114, 255, 179, 1) 14%, rgba(255, 250, 99, 1) 85%)","grid_width":"page-wide","sections":{"cart-drawer":{"type":"cart-drawer","settings":{}}},"content_for_index":[]}}