{
  "sections": {
    "main": {
      "type": "main-article",
      "settings": {
        "top_spacing": "normal",
        "width_px": 900,
        "heading_aligment": "text-center",
        "show_featured_image": true,
        "showtags": true,
        "show_date": true,
        "show_author": true,
        "share_label": "Share"
      }
    },
    "blog_posts_9qiRQD": {
      "type": "blog-posts",
      "name": "t:names.blog_posts",
      "settings": {
        "blog": "news",
        "main_subheading": "",
        "main_heading": "Popular Posts",
        "main_desc": "",
        "heading_aligment": "text-center",
        "link_name": "",
        "top_spacing": "normal",
        "width": "default",
        "grid": "page-grid-md-4 page-grid-lg-4 page-grid-4",
        "grid_tablet": "page-grid-st-3",
        "image_hover": "default",
        "image_ratio": "auto",
        "post_limit": 4,
        "texts_aligment": "text-left",
        "heading_size": "h5",
        "show_image": true,
        "truncate_post_heading": false,
        "hover_underline": false,
        "showtags": false,
        "show_date": true,
        "show_author": false,
        "show_button": false,
        "show_comment_count": true,
        "excerpt": "hide",
        "swipe": false,
        "desktop_navigation": "dots_arrows",
        "mobile_navigation": "dots",
        "autoplay_enabled": false,
        "autoplay_time": 5,
        "show_lines": false,
        "lines_width": "fullwidth",
        "background": "hide",
        "color_background": "rgba(0,0,0,0)",
        "gradient": "",
        "image_overlay_opacity": 0,
        "image_overlay_color": "rgba(0,0,0,0)",
        "image_overlay_opacity_mobile": 0,
        "image_overlay_color_mobile": "rgba(0,0,0,0)",
        "show_parallax": false,
        "imagealign": "center",
        "imagesize": "cover",
        "background_width": "fullwidth",
        "background_spacing": "normal",
        "remove_bottom_spacing": false,
        "color_base": "rgba(0,0,0,0)",
        "color_accent": "rgba(0,0,0,0)",
        "color_lines": "rgba(0,0,0,0)",
        "color_text_link": "rgba(0,0,0,0)",
        "color_text_link_hover": "rgba(0,0,0,0)",
        "color_desc": "rgba(0,0,0,0)",
        "show_button_bg": true,
        "color_button": "rgba(0,0,0,0)",
        "color_button_gradient": "",
        "color_button_border": "rgba(0,0,0,0)",
        "color_button_text": "rgba(0,0,0,0)",
        "show_button_bg_hover": true,
        "color_button_hover": "rgba(0,0,0,0)",
        "color_button_gradient_hover": "",
        "color_button_border_hover": "rgba(0,0,0,0)",
        "color_button_text_hover": "rgba(0,0,0,0)",
        "show_shadow_button": true,
        "color_shadow_button": "rgba(0,0,0,0)",
        "color_shadow_hover_button": "rgba(0,0,0,0)",
        "show_button_bg2": true,
        "color_button2": "rgba(0,0,0,0)",
        "color_button_gradient2": "",
        "color_button_border2": "rgba(0,0,0,0)",
        "color_button_text2": "rgba(0,0,0,0)",
        "show_button_bg_hover2": true,
        "color_button_hover2": "rgba(0,0,0,0)",
        "color_button_gradient_hover2": "",
        "color_button_border_hover2": "rgba(0,0,0,0)",
        "color_button_text_hover2": "rgba(0,0,0,0)",
        "show_shadow_button2": true,
        "color_shadow_button2": "rgba(0,0,0,0)",
        "color_shadow_hover_button2": "rgba(0,0,0,0)",
        "color_media_arrows": "rgba(0,0,0,0)",
        "color_media_dots": "rgba(0,0,0,0)"
      }
    }
  },
  "order": [
    "main",
    "blog_posts_9qiRQD"
  ]
}
