{
  "sections": {
    "main": {
      "type": "main-blog",
      "blocks": {
        "link_list_LTMcdn": {
          "type": "link_list",
          "settings": {
            "heading_text": "Collections",
            "menu": "main-menu",
            "color_heading": "rgba(0,0,0,0)",
            "color_text_link": "rgba(0,0,0,0)",
            "color_text_link_hover": "rgba(0,0,0,0)"
          }
        },
        "grid_of_products_9Gbbta": {
          "type": "grid-of-products",
          "settings": {
            "enable_heading_text": true,
            "heading_text": "Clearence",
            "collection": "",
            "grid": "1",
            "grid_tablet": "1",
            "link_name": "Shop all",
            "product_limit": 2,
            "align_content": "center",
            "image_ratio": "auto",
            "roundness_type": "default",
            "roundness": 20,
            "show_secondary_image": true,
            "show_vendor": true,
            "show_price": true,
            "truncate_product_name": false,
            "hover_underline": true,
            "show_badge_on_sale": true,
            "show_badge_sold_out": true,
            "show_badge_feature": true,
            "color_heading": "rgba(0,0,0,0)",
            "color_vendor": "rgba(0,0,0,0)",
            "color_vendor_hover": "rgba(0,0,0,0)",
            "color_text_link": "rgba(0,0,0,0)",
            "color_text_link_hover": "rgba(0,0,0,0)",
            "color_price": "rgba(0,0,0,0)",
            "color_save_price": "rgba(0,0,0,0)",
            "color_old_price": "rgba(0,0,0,0)",
            "link_color": "rgba(0,0,0,0)",
            "link_color_hover": "rgba(0,0,0,0)"
          }
        },
        "gallery_WQEpyn": {
          "type": "gallery",
          "settings": {
            "heading_text": "Our Barnds",
            "enable_heading_text": true,
            "grid": "page-grid-4",
            "image_ratio": "1.0",
            "roundness_type": "default",
            "roundness": 20,
            "image_1": "",
            "text_1": "",
            "url_1": "",
            "image_2": "",
            "text_2": "",
            "url_2": "",
            "image_3": "",
            "text_3": "",
            "url_3": "",
            "image_4": "",
            "text_4": "",
            "url_4": "",
            "image_5": "",
            "text_5": "",
            "url_5": "",
            "image_6": "",
            "text_6": "",
            "url_6": "",
            "image_7": "",
            "text_7": "",
            "url_7": "",
            "image_8": "",
            "text_8": "",
            "url_8": "",
            "text_9": "",
            "url_9": "",
            "text_10": "",
            "url_10": "",
            "text_11": "",
            "url_11": "",
            "text_12": "",
            "url_12": "",
            "text_13": "",
            "url_13": "",
            "text_14": "",
            "url_14": "",
            "text_15": "",
            "url_15": "",
            "text_16": "",
            "url_16": "",
            "text_17": "",
            "url_17": "",
            "text_18": "",
            "url_18": "",
            "color_heading": "rgba(0,0,0,0)",
            "color_tooltip": "rgba(0,0,0,0)",
            "color_tooltip_text": "rgba(0,0,0,0)"
          }
        },
        "banner_CLJJKB": {
          "type": "banner",
          "settings": {
            "image": "",
            "image_hover": "",
            "image_ratio": "auto",
            "image_ratio_mobile": "auto",
            "roundness_type": "default",
            "roundness": 20,
            "image_overlay_opacity": 0,
            "url": "",
            "heading_text": "Get up to <br> 70% Off",
            "desc": "Great Summer Clearance Sales",
            "button_name": "",
            "heading_size": "h3",
            "hover_underline": true,
            "position": "align-items-center justify-content-center",
            "position_mobile": "align-items-center-m justify-content-center-m",
            "text_align": "text-center",
            "description_width": 70,
            "description_width_mobile": 80,
            "show_background": true,
            "box_opacity": 90,
            "heading_text_link": "rgba(0,0,0,0)",
            "heading_text_link_hover": "rgba(0,0,0,0)",
            "color_desc": "rgba(0,0,0,0)",
            "show_button_bg": true,
            "color_button": "rgba(0,0,0,0)",
            "color_button_gradient": "",
            "color_button_border": "rgba(0,0,0,0)",
            "color_button_text": "rgba(0,0,0,0)",
            "show_button_bg_hover": true,
            "color_button_hover": "rgba(0,0,0,0)",
            "color_button_gradient_hover": "",
            "color_button_border_hover": "rgba(0,0,0,0)",
            "color_button_text_hover": "rgba(0,0,0,0)",
            "show_shadow_button": true,
            "color_shadow_button": "rgba(0,0,0,0)",
            "color_shadow_hover_button": "rgba(0,0,0,0)",
            "color_background_box": "rgba(0,0,0,0)",
            "image_overlay_color": "rgba(0,0,0,0)"
          }
        },
        "recent_post_X8tA9d": {
          "type": "recent-post",
          "settings": {
            "heading_text": "Recent post",
            "enable_heading_text": true,
            "grid": "1",
            "grid_tablet": "1",
            "blog": "news",
            "post_limit": 3,
            "align_content": "top",
            "image_ratio": "auto",
            "show_image": true,
            "roundness_type": "default",
            "roundness": 20,
            "truncate_post_heading": false,
            "hover_underline": false,
            "showtags": false,
            "show_date": true,
            "show_author": false,
            "show_comment_count": true,
            "excerpt": "hide",
            "color_heading": "rgba(0,0,0,0)",
            "color_text_link": "rgba(0,0,0,0)",
            "color_text_link_hover": "rgba(0,0,0,0)",
            "color_desc": "rgba(0,0,0,0)"
          }
        },
        "tags_PJhWyj": {
          "type": "tags",
          "settings": {
            "heading_text": "Popular Tags",
            "enable_heading_text": true,
            "text_1": "Women",
            "url_1": "",
            "text_2": "Men",
            "url_2": "",
            "text_3": "Accessories",
            "url_3": "",
            "text_4": "New Arrivals",
            "url_4": "",
            "text_5": "Clearence",
            "url_5": "",
            "text_6": "",
            "url_6": "#",
            "text_7": "",
            "url_7": "#",
            "text_8": "",
            "url_8": "#",
            "text_9": "",
            "url_9": "#",
            "text_10": "",
            "url_10": "",
            "text_11": "",
            "url_11": "",
            "text_12": "",
            "url_12": "",
            "text_13": "",
            "url_13": "",
            "text_14": "",
            "url_14": "",
            "text_15": "",
            "url_15": "",
            "text_16": "",
            "url_16": "",
            "text_17": "",
            "url_17": "",
            "text_18": "",
            "url_18": "",
            "color_heading": "rgba(0,0,0,0)",
            "show_button_bg": true,
            "color_button": "#f5f5f5",
            "color_button_gradient": "",
            "color_button_border": "rgba(0,0,0,0)",
            "color_button_text": "#304ffe",
            "show_button_bg_hover": true,
            "color_button_hover": "#304ffe",
            "color_button_gradient_hover": "",
            "color_button_border_hover": "rgba(0,0,0,0)",
            "color_button_text_hover": "#ffffff",
            "show_shadow_button": false,
            "color_shadow_button": "rgba(0,0,0,0)",
            "color_shadow_hover_button": "rgba(0,0,0,0)"
          }
        },
        "social_TB3JDh": {
          "type": "social",
          "settings": {
            "heading_size": "h5",
            "heading_text": "Sign up for our e-mail and be the first who know our special offers!",
            "desc": "",
            "show_newsletter": true,
            "desc2": "<p>By clicking the button you agree to the <a href=\"/\">Privacy Policy</a> and <a href=\"/\">Terms and Conditions</a>.</p>",
            "show_social": true,
            "enable_follow_on_shop": true,
            "color_heading": "rgba(0,0,0,0)",
            "color_desc": "rgba(0,0,0,0)",
            "color_text_link": "rgba(0,0,0,0)",
            "color_text_link_hover": "rgba(0,0,0,0)",
            "color_social_icons": "rgba(0,0,0,0)",
            "color_social_icons_hover": "rgba(0,0,0,0)",
            "color_input_background": "rgba(0,0,0,0)",
            "color_input_border": "rgba(0,0,0,0)",
            "color_input_text": "rgba(0,0,0,0)",
            "color_input_icon": "rgba(0,0,0,0)",
            "color_input_background_hover": "rgba(0,0,0,0)",
            "color_input_border_hover": "rgba(0,0,0,0)",
            "color_input_outline_hover": "rgba(0,0,0,0)",
            "color_input_text_hover": "rgba(0,0,0,0)",
            "color_input_icon_hover": "rgba(0,0,0,0)"
          }
        }
      },
      "block_order": [
        "link_list_LTMcdn",
        "grid_of_products_9Gbbta",
        "gallery_WQEpyn",
        "banner_CLJJKB",
        "recent_post_X8tA9d",
        "tags_PJhWyj",
        "social_TB3JDh"
      ],
      "settings": {
        "blog": "{{ closest.blog }}",
        "top_spacing": "normal",
        "width": "default",
        "grid": "page-grid-1",
        "heading_aligment": "text-left",
        "sidebar": "none",
        "image_hover": "default",
        "post_limit": 5,
        "image_ratio": "auto",
        "texts_aligment": "text-left",
        "heading_size": "h3",
        "show_image": true,
        "truncate_post_heading": false,
        "hover_underline": true,
        "showtags": true,
        "show_date": true,
        "show_author": true,
        "show_button": true,
        "show_comment_count": true,
        "excerpt": "show"
      }
    },
    "newsletter_signup_BaHBdp": {
      "type": "newsletter-signup",
      "name": "t:names.newsletter_signup",
      "settings": {
        "main_subheading": "Newsletter signup",
        "main_heading": "Never Miss a Style Story",
        "main_desc": "Get the latest fashion tips, trend reports, and exclusive blog content straight to your inbox.",
        "heading_aligment": "text-center",
        "top_spacing": "normal",
        "width": "default",
        "show_newsletter": true,
        "desc2": "<p>By clicking the button you agree to the <a href=\"/\">Privacy Policy</a> and <a href=\"/\">Terms and Conditions</a>.</p>",
        "show_social": false,
        "show_lines": true,
        "lines_width": "fullwidth",
        "background": "hide",
        "color_background": "rgba(0,0,0,0)",
        "gradient": "",
        "image_overlay_opacity": 0,
        "image_overlay_color": "rgba(0,0,0,0)",
        "image_overlay_opacity_mobile": 0,
        "image_overlay_color_mobile": "rgba(0,0,0,0)",
        "show_parallax": false,
        "imagealign": "center",
        "imagesize": "cover",
        "background_width": "fullwidth",
        "background_spacing": "normal",
        "remove_bottom_spacing": false,
        "color_base": "rgba(0,0,0,0)",
        "color_accent": "rgba(0,0,0,0)",
        "color_lines": "rgba(0,0,0,0)",
        "color_heading": "rgba(0,0,0,0)",
        "color_text_link": "rgba(0,0,0,0)",
        "color_text_link_hover": "rgba(0,0,0,0)",
        "color_social_icons": "rgba(0,0,0,0)",
        "color_social_icons_hover": "rgba(0,0,0,0)",
        "color_input_background": "rgba(0,0,0,0)",
        "color_input_border": "rgba(0,0,0,0)",
        "color_input_text": "rgba(0,0,0,0)",
        "color_input_icon": "rgba(0,0,0,0)",
        "color_input_background_hover": "rgba(0,0,0,0)",
        "color_input_border_hover": "rgba(0,0,0,0)",
        "color_input_outline_hover": "rgba(0,0,0,0)",
        "color_input_text_hover": "rgba(0,0,0,0)",
        "color_input_icon_hover": "rgba(0,0,0,0)"
      }
    },
    "blog_posts_6t4QPg": {
      "type": "blog-posts",
      "name": "t:names.blog_posts",
      "settings": {
        "blog": "news",
        "main_subheading": "",
        "main_heading": "Most Exciting News",
        "main_desc": "",
        "heading_aligment": "text-center",
        "link_name": "",
        "top_spacing": "normal",
        "width": "page-width",
        "grid": "page-grid-md-5 page-grid-lg-5 page-grid-5",
        "grid_tablet": "page-grid-st-3",
        "image_hover": "default",
        "image_ratio": "auto",
        "post_limit": 16,
        "texts_aligment": "text-left",
        "heading_size": "h5",
        "show_image": true,
        "truncate_post_heading": false,
        "hover_underline": false,
        "showtags": false,
        "show_date": true,
        "show_author": false,
        "show_button": false,
        "show_comment_count": true,
        "excerpt": "hide",
        "swipe": true,
        "desktop_navigation": "dots_arrows",
        "mobile_navigation": "dots",
        "autoplay_enabled": false,
        "autoplay_time": 5,
        "show_lines": true,
        "lines_width": "fullwidth",
        "background": "hide",
        "color_background": "rgba(0,0,0,0)",
        "gradient": "",
        "image_overlay_opacity": 0,
        "image_overlay_color": "rgba(0,0,0,0)",
        "image_overlay_opacity_mobile": 0,
        "image_overlay_color_mobile": "rgba(0,0,0,0)",
        "show_parallax": false,
        "imagealign": "center",
        "imagesize": "cover",
        "background_width": "fullwidth",
        "background_spacing": "normal",
        "remove_bottom_spacing": false,
        "color_base": "rgba(0,0,0,0)",
        "color_accent": "rgba(0,0,0,0)",
        "color_lines": "rgba(0,0,0,0)",
        "color_text_link": "rgba(0,0,0,0)",
        "color_text_link_hover": "rgba(0,0,0,0)",
        "color_desc": "rgba(0,0,0,0)",
        "show_button_bg": true,
        "color_button": "rgba(0,0,0,0)",
        "color_button_gradient": "",
        "color_button_border": "rgba(0,0,0,0)",
        "color_button_text": "rgba(0,0,0,0)",
        "show_button_bg_hover": true,
        "color_button_hover": "rgba(0,0,0,0)",
        "color_button_gradient_hover": "",
        "color_button_border_hover": "rgba(0,0,0,0)",
        "color_button_text_hover": "rgba(0,0,0,0)",
        "show_shadow_button": true,
        "color_shadow_button": "rgba(0,0,0,0)",
        "color_shadow_hover_button": "rgba(0,0,0,0)",
        "show_button_bg2": true,
        "color_button2": "rgba(0,0,0,0)",
        "color_button_gradient2": "",
        "color_button_border2": "rgba(0,0,0,0)",
        "color_button_text2": "rgba(0,0,0,0)",
        "show_button_bg_hover2": true,
        "color_button_hover2": "rgba(0,0,0,0)",
        "color_button_gradient_hover2": "",
        "color_button_border_hover2": "rgba(0,0,0,0)",
        "color_button_text_hover2": "rgba(0,0,0,0)",
        "show_shadow_button2": true,
        "color_shadow_button2": "rgba(0,0,0,0)",
        "color_shadow_hover_button2": "rgba(0,0,0,0)",
        "color_media_arrows": "rgba(0,0,0,0)",
        "color_media_dots": "rgba(0,0,0,0)"
      }
    }
  },
  "order": [
    "main",
    "newsletter_signup_BaHBdp",
    "blog_posts_6t4QPg"
  ]
}
