{"sections":{"banners_NJG4K9":{"type":"banners","blocks":{"banner_H7f8eU":{"type":"banner","settings":{"content_type":"image","image_ratio_mobile":"default","image_overlay_opacity":100,"image_overlay_fill":true,"video_url":"https:\/\/www.youtube.com\/watch?v=_9VUPq3SxOc","video_slide_mode":"autoplay_muted","url":"https:\/\/wokiee.gitbook.io\/docs","heading_text":"Guides & Tutorials","desc":"<h5>Everything you need to get started — clear, simple, and always there when you need it.<\/h5>","heading_after_description":true,"button_name":"Explore Now!","customize_button_size":"custom","btn_min_height":50,"btn_min_height_mobile":50,"btn_wide_width":200,"roundness_button":14,"heading_size_px":70,"heading_size_px_tablet":70,"heading_size_px_mobile":50,"hover_underline":false,"position":"align-items-center justify-content-center","position_mobile":"align-items-center-m justify-content-center-m","text_align":"text-center","description_width":100,"description_width_tablet":100,"description_width_mobile":100,"show_background":false,"box_opacity":90,"heading_text_link":"#ffffff","heading_text_link_hover":"#ffffff","color_desc":"#ffffff","color_desc_hover":"#ffffff","show_button_bg":true,"color_button":"#ffffff","color_button_gradient":"","color_button_border":"rgba(0,0,0,0)","color_button_text":"#000000","show_button_bg_hover":true,"color_button_hover":"rgba(0,0,0,0)","color_button_gradient_hover":"","color_button_border_hover":"rgba(0,0,0,0)","color_button_text_hover":"rgba(0,0,0,0)","show_shadow_button":false,"color_shadow_button":"rgba(0,0,0,0)","color_shadow_hover_button":"rgba(0,0,0,0)","color_background_box":"rgba(0,0,0,0)","color_background_box_hover":"rgba(0,0,0,0)","color_media_background":"rgba(0,0,0,0)","color_media_icon":"rgba(0,0,0,0)","color_media_background_hover":"rgba(0,0,0,0)","color_media_icon_hover":"rgba(0,0,0,0)","image_overlay_color":"#304ffe"}},"banner_yJM7bN":{"type":"banner","settings":{"content_type":"image","image_ratio_mobile":"default","image_overlay_opacity":100,"image_overlay_fill":true,"video_url":"https:\/\/www.youtube.com\/watch?v=_9VUPq3SxOc","video_slide_mode":"autoplay_muted","url":"https:\/\/wokiee.gitbook.io\/docs\/installation#installing-presets-skins","heading_text":"Presets","desc":"<h5>Discover how easily any preset can be installed.<\/h5>","heading_after_description":true,"button_name":"Explore Now!","customize_button_size":"custom","btn_min_height":50,"btn_min_height_mobile":50,"btn_wide_width":200,"roundness_button":14,"heading_size_px":70,"heading_size_px_tablet":70,"heading_size_px_mobile":50,"hover_underline":false,"position":"align-items-center justify-content-center","position_mobile":"align-items-center-m justify-content-center-m","text_align":"text-center","description_width":100,"description_width_tablet":100,"description_width_mobile":100,"show_background":false,"box_opacity":90,"heading_text_link":"#ffffff","heading_text_link_hover":"#ffffff","color_desc":"#ffffff","color_desc_hover":"#ffffff","show_button_bg":true,"color_button":"#ffffff","color_button_gradient":"","color_button_border":"rgba(0,0,0,0)","color_button_text":"#000000","show_button_bg_hover":true,"color_button_hover":"rgba(0,0,0,0)","color_button_gradient_hover":"","color_button_border_hover":"rgba(0,0,0,0)","color_button_text_hover":"rgba(0,0,0,0)","show_shadow_button":false,"color_shadow_button":"rgba(0,0,0,0)","color_shadow_hover_button":"rgba(0,0,0,0)","color_background_box":"rgba(0,0,0,0)","color_background_box_hover":"rgba(0,0,0,0)","color_media_background":"rgba(0,0,0,0)","color_media_icon":"rgba(0,0,0,0)","color_media_background_hover":"rgba(0,0,0,0)","color_media_icon_hover":"rgba(0,0,0,0)","image_overlay_color":"#f75001"}}},"block_order":["banner_H7f8eU","banner_yJM7bN"],"name":"t:names.banners","settings":{"main_subheading":"","main_heading":"","main_desc":"","heading_aligment":"text-center","top_spacing":"small","width":"page-wide","grid":"page-grid-md-2 page-grid-lg-2 page-grid-2","grid_tablet":"page-grid-st-1","mobile_grid":"1","image_hover":"default","image_ratio":"1.777777","image_ratio_mobile":"1","swipe":false,"desktop_navigation":"dots_arrows","mobile_navigation":"dots","autoplay_enabled":false,"autoplay_time":5,"show_lines":false,"lines_width":"fullwidth","background":"hide","color_background":"rgba(0,0,0,0)","gradient":"","image_overlay_opacity":0,"image_overlay_color":"rgba(0,0,0,0)","image_overlay_opacity_mobile":0,"image_overlay_color_mobile":"rgba(0,0,0,0)","show_parallax":false,"imagealign":"center","imagesize":"cover","background_width":"fullwidth","background_spacing":"normal","remove_bottom_spacing":false,"color_base":"rgba(0,0,0,0)","color_accent":"rgba(0,0,0,0)","color_lines":"rgba(0,0,0,0)","color_media_arrows":"rgba(0,0,0,0)","color_media_dots":"rgba(0,0,0,0)"}},"slider_XNdg6V":{"type":"slider","blocks":{"banner_d9AMzM":{"type":"banner","settings":{"content_type":"video","image_aligment":"top","image_overlay_opacity":0,"video_url":"https:\/\/www.youtube.com\/watch?v=_9VUPq3SxOc","video_slide_mode":"autoplay_muted","url":"","heading_text":"One Powerful Update!","desc":"<h6>Upgrade now and take your store to the next level!<\/h6>","heading_after_description":false,"button_name":"","customize_button_size":"default","btn_min_height":40,"btn_min_height_mobile":40,"btn_wide_width":300,"roundness_button":20,"heading_size_px":64,"heading_size_px_tablet":48,"heading_size_px_mobile":32,"hover_underline":false,"desktop_x":50,"desktop_y":50,"tablet_x":50,"tablet_y":50,"mobile_x":50,"mobile_y":50,"text_align":"text-center","description_width":80,"description_width_tablet":100,"description_width_mobile":100,"show_background":false,"box_opacity":90,"show_countdown":false,"year":2027,"month":12,"day":12,"hours":0,"minutes":0,"seconds":0,"heading_text_link":"rgba(0,0,0,0)","heading_text_link_hover":"rgba(0,0,0,0)","color_desc":"rgba(0,0,0,0)","color_desc_hover":"rgba(0,0,0,0)","color_countdown":"rgba(0,0,0,0)","show_button_bg":true,"color_button":"rgba(0,0,0,0)","color_button_gradient":"","color_button_border":"rgba(0,0,0,0)","color_button_text":"rgba(0,0,0,0)","show_button_bg_hover":true,"color_button_hover":"rgba(0,0,0,0)","color_button_gradient_hover":"","color_button_border_hover":"rgba(0,0,0,0)","color_button_text_hover":"rgba(0,0,0,0)","show_shadow_button":true,"color_shadow_button":"rgba(0,0,0,0)","color_shadow_hover_button":"rgba(0,0,0,0)","color_background_box":"rgba(0,0,0,0)","color_background_box_hover":"rgba(0,0,0,0)","image_overlay_color":"rgba(0,0,0,0)"}},"banner_gVyP3F":{"type":"banner","settings":{"content_type":"image","image_aligment":"top","image_overlay_opacity":0,"video_url":"https:\/\/www.youtube.com\/watch?v=_9VUPq3SxOc","video_slide_mode":"autoplay_muted","url":"","heading_text":"All-in-One Shopify Theme","desc":"<h6>More than just a theme — it’s a complete design toolkit!<\/h6>","heading_after_description":false,"button_name":"","customize_button_size":"default","btn_min_height":40,"btn_min_height_mobile":40,"btn_wide_width":300,"roundness_button":20,"heading_size_px":64,"heading_size_px_tablet":48,"heading_size_px_mobile":32,"hover_underline":false,"desktop_x":50,"desktop_y":50,"tablet_x":50,"tablet_y":50,"mobile_x":50,"mobile_y":50,"text_align":"text-center","description_width":80,"description_width_tablet":100,"description_width_mobile":100,"show_background":false,"box_opacity":90,"show_countdown":false,"year":2026,"month":12,"day":12,"hours":0,"minutes":0,"seconds":0,"heading_text_link":"rgba(0,0,0,0)","heading_text_link_hover":"rgba(0,0,0,0)","color_desc":"rgba(0,0,0,0)","color_desc_hover":"rgba(0,0,0,0)","color_countdown":"rgba(0,0,0,0)","show_button_bg":true,"color_button":"rgba(0,0,0,0)","color_button_gradient":"","color_button_border":"rgba(0,0,0,0)","color_button_text":"rgba(0,0,0,0)","show_button_bg_hover":true,"color_button_hover":"rgba(0,0,0,0)","color_button_gradient_hover":"","color_button_border_hover":"rgba(0,0,0,0)","color_button_text_hover":"rgba(0,0,0,0)","show_shadow_button":true,"color_shadow_button":"rgba(0,0,0,0)","color_shadow_hover_button":"rgba(0,0,0,0)","color_background_box":"rgba(0,0,0,0)","color_background_box_hover":"rgba(0,0,0,0)","image_overlay_color":"rgba(0,0,0,0)"}},"banner_F3BxCr":{"type":"banner","settings":{"content_type":"image","image_aligment":"top","image_overlay_opacity":0,"video_url":"https:\/\/www.youtube.com\/watch?v=_9VUPq3SxOc","video_slide_mode":"autoplay_muted","url":"","heading_text":"Dedicated Support Team","desc":"<h6>from Power Elite author P-themes<\/h6>","heading_after_description":false,"button_name":"","customize_button_size":"default","btn_min_height":40,"btn_min_height_mobile":40,"btn_wide_width":300,"roundness_button":20,"heading_size_px":64,"heading_size_px_tablet":48,"heading_size_px_mobile":32,"hover_underline":false,"desktop_x":50,"desktop_y":50,"tablet_x":50,"tablet_y":50,"mobile_x":50,"mobile_y":50,"text_align":"text-center","description_width":80,"description_width_tablet":100,"description_width_mobile":100,"show_background":false,"box_opacity":90,"show_countdown":false,"year":2026,"month":12,"day":12,"hours":0,"minutes":0,"seconds":0,"heading_text_link":"rgba(0,0,0,0)","heading_text_link_hover":"rgba(0,0,0,0)","color_desc":"rgba(0,0,0,0)","color_desc_hover":"rgba(0,0,0,0)","color_countdown":"rgba(0,0,0,0)","show_button_bg":true,"color_button":"rgba(0,0,0,0)","color_button_gradient":"","color_button_border":"rgba(0,0,0,0)","color_button_text":"rgba(0,0,0,0)","show_button_bg_hover":true,"color_button_hover":"rgba(0,0,0,0)","color_button_gradient_hover":"","color_button_border_hover":"rgba(0,0,0,0)","color_button_text_hover":"rgba(0,0,0,0)","show_shadow_button":true,"color_shadow_button":"rgba(0,0,0,0)","color_shadow_hover_button":"rgba(0,0,0,0)","color_background_box":"rgba(0,0,0,0)","color_background_box_hover":"rgba(0,0,0,0)","image_overlay_color":"rgba(0,0,0,0)"}}},"block_order":["banner_d9AMzM","banner_gVyP3F","banner_F3BxCr"],"name":"t:names.slider","settings":{"top_spacing":"small","width":"page-wide","image_size":"fullscreen","desktop_image_height":600,"image_size_mobile":"fixed","mobile_image_height":700,"show_logo":false,"logo_svg":"","logo_max_width":56,"logo_desktop_x":50,"logo_desktop_y":43,"logo_tablet_x":50,"logo_tablet_y":45,"logo_mobile_x":50,"logo_mobile_y":45,"transition_effect":"flip","parallax":true,"autoplay_enabled":true,"autoplay_time":5,"desktop_navigation":"dots_arrows","dots_alignment_desktop":"center","arrows_alignment_desktop":"center","mobile_navigation":"dots","dots_alignment_mobile":"center","show_lines":false,"lines_width":"fullwidth","color_base":"rgba(0,0,0,0)","color_accent":"rgba(0,0,0,0)","color_lines":"rgba(0,0,0,0)","color_media_background":"rgba(0,0,0,0)","color_media_icon":"rgba(0,0,0,0)","color_media_background_hover":"rgba(0,0,0,0)","color_media_icon_hover":"rgba(0,0,0,0)","color_media_dots":"rgba(0,0,0,0)"}},"banners_collage_ApK3hV":{"type":"banners-collage","blocks":{"banner_MN8fBh":{"type":"banner","settings":{"content_type":"image","image_ratio_mobile":"default","image_overlay_opacity":0,"image_overlay_fill":false,"video_url":"https:\/\/www.youtube.com\/watch?v=_9VUPq3SxOc","video_slide_mode":"autoplay_muted","url":"","heading_text":"Clearence","desc":"","heading_after_description":false,"button_name":"","customize_button_size":"default","btn_min_height":40,"btn_min_height_mobile":40,"btn_wide_width":300,"roundness_button":20,"heading_size_px":20,"heading_size_px_tablet":20,"heading_size_px_mobile":20,"hover_underline":false,"position":"align-items-center justify-content-center","position_mobile":"align-items-center-m justify-content-center-m","text_align":"text-center","description_width":50,"description_width_tablet":50,"description_width_mobile":50,"show_background":true,"box_opacity":80,"heading_text_link":"rgba(0,0,0,0)","heading_text_link_hover":"#ffffff","color_desc":"rgba(0,0,0,0)","color_desc_hover":"rgba(0,0,0,0)","show_button_bg":true,"color_button":"rgba(0,0,0,0)","color_button_gradient":"","color_button_border":"rgba(0,0,0,0)","color_button_text":"rgba(0,0,0,0)","show_button_bg_hover":true,"color_button_hover":"rgba(0,0,0,0)","color_button_gradient_hover":"","color_button_border_hover":"rgba(0,0,0,0)","color_button_text_hover":"rgba(0,0,0,0)","show_shadow_button":true,"color_shadow_button":"rgba(0,0,0,0)","color_shadow_hover_button":"rgba(0,0,0,0)","color_background_box":"rgba(0,0,0,0)","color_background_box_hover":"#304ffe","image_overlay_color":"rgba(0,0,0,0)"}},"banner_REPW4N":{"type":"banner","settings":{"content_type":"image","image_ratio_mobile":"default","image_overlay_opacity":0,"image_overlay_fill":false,"video_url":"https:\/\/www.youtube.com\/watch?v=_9VUPq3SxOc","video_slide_mode":"autoplay_muted","url":"","heading_text":"New Arrivals","desc":"","heading_after_description":false,"button_name":"","customize_button_size":"default","btn_min_height":40,"btn_min_height_mobile":40,"btn_wide_width":300,"roundness_button":20,"heading_size_px":20,"heading_size_px_tablet":20,"heading_size_px_mobile":20,"hover_underline":false,"position":"align-items-center justify-content-center","position_mobile":"align-items-center-m justify-content-center-m","text_align":"text-center","description_width":50,"description_width_tablet":50,"description_width_mobile":50,"show_background":true,"box_opacity":80,"heading_text_link":"rgba(0,0,0,0)","heading_text_link_hover":"#ffffff","color_desc":"rgba(0,0,0,0)","color_desc_hover":"rgba(0,0,0,0)","show_button_bg":true,"color_button":"rgba(0,0,0,0)","color_button_gradient":"","color_button_border":"rgba(0,0,0,0)","color_button_text":"rgba(0,0,0,0)","show_button_bg_hover":true,"color_button_hover":"rgba(0,0,0,0)","color_button_gradient_hover":"","color_button_border_hover":"rgba(0,0,0,0)","color_button_text_hover":"rgba(0,0,0,0)","show_shadow_button":true,"color_shadow_button":"rgba(0,0,0,0)","color_shadow_hover_button":"rgba(0,0,0,0)","color_background_box":"rgba(0,0,0,0)","color_background_box_hover":"#304ffe","image_overlay_color":"rgba(0,0,0,0)"}},"banner_hFgNKj":{"type":"banner","settings":{"content_type":"video","image_ratio_mobile":"auto","image_overlay_opacity":0,"image_overlay_fill":false,"video_url":"https:\/\/www.youtube.com\/watch?v=_9VUPq3SxOc","video_slide_mode":"autoplay_muted","url":"","heading_text":"Women","desc":"","heading_after_description":false,"button_name":"","customize_button_size":"default","btn_min_height":40,"btn_min_height_mobile":40,"btn_wide_width":300,"roundness_button":20,"heading_size_px":20,"heading_size_px_tablet":20,"heading_size_px_mobile":20,"hover_underline":false,"position":"align-items-center justify-content-center","position_mobile":"align-items-center-m justify-content-center-m","text_align":"text-center","description_width":50,"description_width_tablet":50,"description_width_mobile":50,"show_background":true,"box_opacity":80,"heading_text_link":"rgba(0,0,0,0)","heading_text_link_hover":"#ffffff","color_desc":"rgba(0,0,0,0)","color_desc_hover":"rgba(0,0,0,0)","show_button_bg":true,"color_button":"rgba(0,0,0,0)","color_button_gradient":"","color_button_border":"rgba(0,0,0,0)","color_button_text":"rgba(0,0,0,0)","show_button_bg_hover":true,"color_button_hover":"rgba(0,0,0,0)","color_button_gradient_hover":"","color_button_border_hover":"rgba(0,0,0,0)","color_button_text_hover":"rgba(0,0,0,0)","show_shadow_button":true,"color_shadow_button":"rgba(0,0,0,0)","color_shadow_hover_button":"rgba(0,0,0,0)","color_background_box":"rgba(0,0,0,0)","color_background_box_hover":"#304ffe","image_overlay_color":"rgba(0,0,0,0)"}},"banner_wLrpb4":{"type":"banner","settings":{"content_type":"image","image_ratio_mobile":"default","image_overlay_opacity":0,"image_overlay_fill":false,"video_url":"https:\/\/www.youtube.com\/watch?v=_9VUPq3SxOc","video_slide_mode":"autoplay_muted","url":"","heading_text":"Men","desc":"","heading_after_description":false,"button_name":"","customize_button_size":"default","btn_min_height":40,"btn_min_height_mobile":40,"btn_wide_width":300,"roundness_button":20,"heading_size_px":20,"heading_size_px_tablet":20,"heading_size_px_mobile":20,"hover_underline":false,"position":"align-items-center justify-content-center","position_mobile":"align-items-center-m justify-content-center-m","text_align":"text-center","description_width":50,"description_width_tablet":50,"description_width_mobile":50,"show_background":true,"box_opacity":80,"heading_text_link":"rgba(0,0,0,0)","heading_text_link_hover":"#ffffff","color_desc":"rgba(0,0,0,0)","color_desc_hover":"rgba(0,0,0,0)","show_button_bg":true,"color_button":"rgba(0,0,0,0)","color_button_gradient":"","color_button_border":"rgba(0,0,0,0)","color_button_text":"rgba(0,0,0,0)","show_button_bg_hover":true,"color_button_hover":"rgba(0,0,0,0)","color_button_gradient_hover":"","color_button_border_hover":"rgba(0,0,0,0)","color_button_text_hover":"rgba(0,0,0,0)","show_shadow_button":true,"color_shadow_button":"rgba(0,0,0,0)","color_shadow_hover_button":"rgba(0,0,0,0)","color_background_box":"rgba(0,0,0,0)","color_background_box_hover":"#304ffe","image_overlay_color":"rgba(0,0,0,0)"}},"banner_cHgQhK":{"type":"banner","settings":{"content_type":"image","image_ratio_mobile":"default","image_overlay_opacity":0,"image_overlay_fill":false,"video_url":"https:\/\/www.youtube.com\/watch?v=_9VUPq3SxOc","video_slide_mode":"autoplay_muted","url":"","heading_text":"Accessories","desc":"","heading_after_description":false,"button_name":"","customize_button_size":"default","btn_min_height":40,"btn_min_height_mobile":40,"btn_wide_width":300,"roundness_button":20,"heading_size_px":20,"heading_size_px_tablet":20,"heading_size_px_mobile":20,"hover_underline":false,"position":"align-items-center justify-content-center","position_mobile":"align-items-center-m justify-content-center-m","text_align":"text-center","description_width":50,"description_width_tablet":50,"description_width_mobile":50,"show_background":true,"box_opacity":80,"heading_text_link":"rgba(0,0,0,0)","heading_text_link_hover":"#ffffff","color_desc":"rgba(0,0,0,0)","color_desc_hover":"rgba(0,0,0,0)","show_button_bg":true,"color_button":"rgba(0,0,0,0)","color_button_gradient":"","color_button_border":"rgba(0,0,0,0)","color_button_text":"rgba(0,0,0,0)","show_button_bg_hover":true,"color_button_hover":"rgba(0,0,0,0)","color_button_gradient_hover":"","color_button_border_hover":"rgba(0,0,0,0)","color_button_text_hover":"rgba(0,0,0,0)","show_shadow_button":true,"color_shadow_button":"rgba(0,0,0,0)","color_shadow_hover_button":"rgba(0,0,0,0)","color_background_box":"rgba(0,0,0,0)","color_background_box_hover":"#304ffe","image_overlay_color":"rgba(0,0,0,0)"}},"banner_x9M9NJ":{"type":"banner","settings":{"content_type":"image","image_ratio_mobile":"default","image_overlay_opacity":0,"image_overlay_fill":false,"video_url":"https:\/\/www.youtube.com\/watch?v=_9VUPq3SxOc","video_slide_mode":"autoplay_muted","url":"","heading_text":"Shoes","desc":"","heading_after_description":false,"button_name":"","customize_button_size":"default","btn_min_height":40,"btn_min_height_mobile":40,"btn_wide_width":300,"roundness_button":20,"heading_size_px":20,"heading_size_px_tablet":20,"heading_size_px_mobile":20,"hover_underline":false,"position":"align-items-center justify-content-center","position_mobile":"align-items-center-m justify-content-center-m","text_align":"text-center","description_width":26,"description_width_tablet":26,"description_width_mobile":50,"show_background":true,"box_opacity":80,"heading_text_link":"rgba(0,0,0,0)","heading_text_link_hover":"#ffffff","color_desc":"rgba(0,0,0,0)","color_desc_hover":"rgba(0,0,0,0)","show_button_bg":true,"color_button":"rgba(0,0,0,0)","color_button_gradient":"","color_button_border":"rgba(0,0,0,0)","color_button_text":"rgba(0,0,0,0)","show_button_bg_hover":true,"color_button_hover":"rgba(0,0,0,0)","color_button_gradient_hover":"","color_button_border_hover":"rgba(0,0,0,0)","color_button_text_hover":"rgba(0,0,0,0)","show_shadow_button":true,"color_shadow_button":"rgba(0,0,0,0)","color_shadow_hover_button":"rgba(0,0,0,0)","color_background_box":"rgba(0,0,0,0)","color_background_box_hover":"#304ffe","image_overlay_color":"rgba(0,0,0,0)"}}},"block_order":["banner_MN8fBh","banner_REPW4N","banner_hFgNKj","banner_wLrpb4","banner_cHgQhK","banner_x9M9NJ"],"name":"Banners collage","settings":{"main_subheading":"","main_heading":"","main_desc":"","heading_aligment":"text-center","top_spacing":"small","width":"page-wide","grid_type":"bcollage-type-6","swappresets":false,"image_size":"auto","desktop_image_height":600,"image_hover":"default","transition_effect":"slide","autoplay_enabled":true,"autoplay_time":5,"show_lines":false,"lines_width":"fullwidth","background":"hide","color_background":"rgba(0,0,0,0)","gradient":"","image_overlay_opacity":0,"image_overlay_color":"rgba(0,0,0,0)","image_overlay_opacity_mobile":0,"image_overlay_color_mobile":"rgba(0,0,0,0)","show_parallax":false,"imagealign":"center","imagesize":"cover","background_width":"fullwidth","background_spacing":"normal","remove_bottom_spacing":false,"color_base":"rgba(0,0,0,0)","color_accent":"rgba(0,0,0,0)","color_lines":"rgba(0,0,0,0)","color_media_background":"rgba(0,0,0,0)","color_media_icon":"rgba(0,0,0,0)","color_media_background_hover":"rgba(0,0,0,0)","color_media_icon_hover":"rgba(0,0,0,0)"}},"featured_collection_bWU6n4":{"type":"featured-collection","name":"t:names.featured_collection","settings":{"collection":"","main_subheading":"Bestsellers","main_heading":"Most-Loved Products","main_desc":"Discover the top-rated and most popular picks that everyone’s talking about.","heading_aligment":"text-center","top_spacing":"normal","width":"default","grid":"page-grid-md-6 page-grid-lg-6 page-grid-6","grid_tablet":"page-grid-st-3","mobile_grid":"2","swipe":false,"desktop_navigation":"dots_arrows","mobile_navigation":"dots","autoplay_enabled":false,"autoplay_time":5,"link_name":"Shop All","image_hover":"default","image_ratio":"auto","product_limit":12,"image_action":"gallery","customize":false,"text_align":"text-center","hover_underline":true,"show_badge_on_sale":true,"show_badge_sold_out":true,"show_badge_feature":true,"show_countdown":true,"show_vendor":true,"show_type":true,"show_price":true,"show_description":true,"truncate_product_name":false,"show_quantity":false,"button_type_product":"hide","button_type_product_mobile":true,"enable_rating_product_card":true,"show_wishlist":true,"show_compare":true,"show_quick_view":true,"show_wishlist_mobile":true,"show_compare_mobile":true,"show_quick_view_mobile":true,"show_lines":false,"lines_width":"fullwidth","background":"hide","color_background":"rgba(0,0,0,0)","gradient":"","image_overlay_opacity":0,"image_overlay_color":"rgba(0,0,0,0)","image_overlay_opacity_mobile":0,"image_overlay_color_mobile":"rgba(0,0,0,0)","show_parallax":false,"imagealign":"center","imagesize":"cover","background_width":"fullwidth","background_spacing":"normal","remove_bottom_spacing":false,"color_base":"rgba(0,0,0,0)","color_accent":"rgba(0,0,0,0)","color_lines":"rgba(0,0,0,0)","color_meta_products":"rgba(0,0,0,0)","color_meta_products_hover":"rgba(0,0,0,0)","color_product_name":"rgba(0,0,0,0)","color_product_name_hover":"rgba(0,0,0,0)","color_price":"rgba(0,0,0,0)","color_save_price":"rgba(0,0,0,0)","color_old_price":"rgba(0,0,0,0)","color_card_text":"rgba(0,0,0,0)","color_save_badge":"rgba(0,0,0,0)","color_save_badge_text":"rgba(0,0,0,0)","color_featured_badge":"rgba(0,0,0,0)","color_featured_badge_text":"rgba(0,0,0,0)","color_soldout_badge":"rgba(0,0,0,0)","color_soldout_badge_text":"rgba(0,0,0,0)","color_countdown_bg":"rgba(0,0,0,0)","color_countdown_text":"rgba(0,0,0,0)","color_interface_button":"rgba(0,0,0,0)","color_interface_button_text":"rgba(0,0,0,0)","color_interface_button_hover":"rgba(0,0,0,0)","color_interface_button_text_hover":"rgba(0,0,0,0)","color_interface_button_external":"rgba(0,0,0,0)","color_interface_button_text_external":"rgba(0,0,0,0)","color_interface_button_hover_external":"rgba(0,0,0,0)","color_interface_button_text_hover_external":"rgba(0,0,0,0)","color_button_cardswatches":"rgba(0,0,0,0)","color_button_border_cardswatches":"rgba(0,0,0,0)","color_button_text_cardswatches":"rgba(0,0,0,0)","color_button_hover_cardswatches":"rgba(0,0,0,0)","color_button_border_hover_cardswatches":"rgba(0,0,0,0)","color_button_text_hover_cardswatches":"rgba(0,0,0,0)","color_button_soldout_cardswatches":"rgba(0,0,0,0)","color_button_border_soldout_cardswatches":"rgba(0,0,0,0)","color_button_text_soldout_cardswatches":"rgba(0,0,0,0)","color_input_background":"rgba(0,0,0,0)","color_input_border":"rgba(0,0,0,0)","color_input_text":"rgba(0,0,0,0)","color_input_icon":"rgba(0,0,0,0)","color_input_background_hover":"rgba(0,0,0,0)","color_input_border_hover":"rgba(0,0,0,0)","color_input_outline_hover":"rgba(0,0,0,0)","color_input_text_hover":"rgba(0,0,0,0)","color_input_icon_hover":"rgba(0,0,0,0)","show_button_bg":true,"color_button":"rgba(0,0,0,0)","color_button_gradient":"","color_button_border":"rgba(0,0,0,0)","color_button_text":"rgba(0,0,0,0)","color_button_icon_main":"rgba(0,0,0,0)","show_button_bg_hover":true,"color_button_hover":"rgba(0,0,0,0)","color_button_gradient_hover":"","color_button_border_hover":"rgba(0,0,0,0)","color_button_text_hover":"rgba(0,0,0,0)","color_button_icon_hover_main":"rgba(0,0,0,0)","show_shadow_button":true,"color_shadow_button":"rgba(0,0,0,0)","color_shadow_hover_button":"rgba(0,0,0,0)","show_button_bg2":true,"color_button2":"rgba(0,0,0,0)","color_button_gradient2":"","color_button_border2":"rgba(0,0,0,0)","color_button_text2":"rgba(0,0,0,0)","show_button_bg_hover2":true,"color_button_hover2":"rgba(0,0,0,0)","color_button_gradient_hover2":"","color_button_border_hover2":"rgba(0,0,0,0)","color_button_text_hover2":"rgba(0,0,0,0)","show_shadow_button2":true,"color_shadow_button2":"rgba(0,0,0,0)","color_shadow_hover_button2":"rgba(0,0,0,0)","color_media_arrows":"rgba(0,0,0,0)","color_media_dots":"rgba(0,0,0,0)","color_active_rating":"rgba(0,0,0,0)","color_base_rating":"rgba(0,0,0,0)"}},"banners_8RDqap":{"type":"banners","blocks":{"banner_ppACFn":{"type":"banner","settings":{"content_type":"image","image_ratio_mobile":"default","image_overlay_opacity":0,"image_overlay_fill":false,"video_url":"https:\/\/www.youtube.com\/watch?v=_9VUPq3SxOc","video_slide_mode":"autoplay_muted","url":"","heading_text":"Autumn 2026","desc":"<p>New Arrivals<\/p>","heading_after_description":false,"button_name":"","customize_button_size":"default","btn_min_height":40,"btn_min_height_mobile":40,"btn_wide_width":300,"roundness_button":20,"heading_size_px":40,"heading_size_px_tablet":32,"heading_size_px_mobile":32,"hover_underline":false,"position":"align-items-end justify-content-center","position_mobile":"align-items-end-m justify-content-center-m","text_align":"text-center","description_width":100,"description_width_tablet":100,"description_width_mobile":100,"show_background":true,"box_opacity":60,"heading_text_link":"rgba(0,0,0,0)","heading_text_link_hover":"#ffffff","color_desc":"rgba(0,0,0,0)","color_desc_hover":"#ffffff","show_button_bg":true,"color_button":"rgba(0,0,0,0)","color_button_gradient":"","color_button_border":"rgba(0,0,0,0)","color_button_text":"rgba(0,0,0,0)","show_button_bg_hover":true,"color_button_hover":"rgba(0,0,0,0)","color_button_gradient_hover":"","color_button_border_hover":"rgba(0,0,0,0)","color_button_text_hover":"rgba(0,0,0,0)","show_shadow_button":true,"color_shadow_button":"rgba(0,0,0,0)","color_shadow_hover_button":"rgba(0,0,0,0)","color_background_box":"rgba(0,0,0,0)","color_background_box_hover":"#000000","color_media_background":"rgba(0,0,0,0)","color_media_icon":"rgba(0,0,0,0)","color_media_background_hover":"rgba(0,0,0,0)","color_media_icon_hover":"rgba(0,0,0,0)","image_overlay_color":"rgba(0,0,0,0)"}},"banner_byy7xd":{"type":"banner","settings":{"content_type":"image","image_ratio_mobile":"default","image_overlay_opacity":0,"image_overlay_fill":false,"video_url":"https:\/\/www.youtube.com\/watch?v=_9VUPq3SxOc","video_slide_mode":"autoplay_muted","url":"","heading_text":"Street Style","desc":"<p>New Collection<\/p>","heading_after_description":false,"button_name":"","customize_button_size":"default","btn_min_height":40,"btn_min_height_mobile":40,"btn_wide_width":300,"roundness_button":20,"heading_size_px":40,"heading_size_px_tablet":32,"heading_size_px_mobile":32,"hover_underline":false,"position":"align-items-end justify-content-center","position_mobile":"align-items-end-m justify-content-center-m","text_align":"text-center","description_width":100,"description_width_tablet":100,"description_width_mobile":100,"show_background":true,"box_opacity":60,"heading_text_link":"rgba(0,0,0,0)","heading_text_link_hover":"#ffffff","color_desc":"rgba(0,0,0,0)","color_desc_hover":"#ffffff","show_button_bg":true,"color_button":"rgba(0,0,0,0)","color_button_gradient":"","color_button_border":"rgba(0,0,0,0)","color_button_text":"rgba(0,0,0,0)","show_button_bg_hover":true,"color_button_hover":"rgba(0,0,0,0)","color_button_gradient_hover":"","color_button_border_hover":"rgba(0,0,0,0)","color_button_text_hover":"rgba(0,0,0,0)","show_shadow_button":true,"color_shadow_button":"rgba(0,0,0,0)","color_shadow_hover_button":"rgba(0,0,0,0)","color_background_box":"rgba(0,0,0,0)","color_background_box_hover":"#000000","color_media_background":"rgba(0,0,0,0)","color_media_icon":"rgba(0,0,0,0)","color_media_background_hover":"rgba(0,0,0,0)","color_media_icon_hover":"rgba(0,0,0,0)","image_overlay_color":"rgba(0,0,0,0)"}},"banner_XqyC7Y":{"type":"banner","settings":{"content_type":"video","image_ratio_mobile":"default","image_overlay_opacity":0,"image_overlay_fill":false,"video_url":"https:\/\/www.youtube.com\/watch?v=_9VUPq3SxOc","video_slide_mode":"autoplay_muted","url":"","heading_text":"Get up To 70% Off","desc":"<p>Great Summer Clearance Sales<\/p>","heading_after_description":false,"button_name":"","customize_button_size":"default","btn_min_height":40,"btn_min_height_mobile":40,"btn_wide_width":300,"roundness_button":20,"heading_size_px":40,"heading_size_px_tablet":32,"heading_size_px_mobile":32,"hover_underline":false,"position":"align-items-end justify-content-center","position_mobile":"align-items-end-m justify-content-center-m","text_align":"text-center","description_width":100,"description_width_tablet":100,"description_width_mobile":100,"show_background":true,"box_opacity":70,"heading_text_link":"rgba(0,0,0,0)","heading_text_link_hover":"#ffffff","color_desc":"rgba(0,0,0,0)","color_desc_hover":"#ffffff","show_button_bg":true,"color_button":"rgba(0,0,0,0)","color_button_gradient":"","color_button_border":"rgba(0,0,0,0)","color_button_text":"rgba(0,0,0,0)","show_button_bg_hover":true,"color_button_hover":"rgba(0,0,0,0)","color_button_gradient_hover":"","color_button_border_hover":"rgba(0,0,0,0)","color_button_text_hover":"rgba(0,0,0,0)","show_shadow_button":true,"color_shadow_button":"rgba(0,0,0,0)","color_shadow_hover_button":"rgba(0,0,0,0)","color_background_box":"rgba(0,0,0,0)","color_background_box_hover":"#000000","color_media_background":"rgba(0,0,0,0)","color_media_icon":"rgba(0,0,0,0)","color_media_background_hover":"rgba(0,0,0,0)","color_media_icon_hover":"rgba(0,0,0,0)","image_overlay_color":"rgba(0,0,0,0)"}}},"block_order":["banner_ppACFn","banner_byy7xd","banner_XqyC7Y"],"name":"t:names.banners","settings":{"main_subheading":"","main_heading":"","main_desc":"","heading_aligment":"text-center","top_spacing":"normal","width":"page-wide","grid":"page-grid-md-3 page-grid-lg-3 page-grid-3","grid_tablet":"page-grid-st-1","mobile_grid":"1","image_hover":"default","image_ratio":"auto","image_ratio_mobile":"auto","swipe":false,"desktop_navigation":"dots_arrows","mobile_navigation":"dots","autoplay_enabled":false,"autoplay_time":5,"show_lines":false,"lines_width":"fullwidth","background":"hide","color_background":"rgba(0,0,0,0)","gradient":"","image_overlay_opacity":0,"image_overlay_color":"rgba(0,0,0,0)","image_overlay_opacity_mobile":0,"image_overlay_color_mobile":"rgba(0,0,0,0)","show_parallax":false,"imagealign":"center","imagesize":"cover","background_width":"fullwidth","background_spacing":"normal","remove_bottom_spacing":false,"color_base":"rgba(0,0,0,0)","color_accent":"rgba(0,0,0,0)","color_lines":"rgba(0,0,0,0)","color_media_arrows":"rgba(0,0,0,0)","color_media_dots":"rgba(0,0,0,0)"}},"featured_collection_VV6Jcx":{"type":"featured-collection","name":"t:names.featured_collection","settings":{"collection":"","main_subheading":"Trending","main_heading":"Top Wishes","main_desc":"Uncover the bestsellers everyone’s raving about.","heading_aligment":"text-center","top_spacing":"normal","width":"default","grid":"page-grid-md-6 page-grid-lg-6 page-grid-6","grid_tablet":"page-grid-st-3","mobile_grid":"2","swipe":false,"desktop_navigation":"dots_arrows","mobile_navigation":"dots","autoplay_enabled":false,"autoplay_time":5,"link_name":"Shop All","image_hover":"default","image_ratio":"auto","product_limit":12,"image_action":"gallery","customize":false,"text_align":"text-center","hover_underline":true,"show_badge_on_sale":true,"show_badge_sold_out":true,"show_badge_feature":true,"show_countdown":true,"show_vendor":true,"show_type":true,"show_price":true,"show_description":true,"truncate_product_name":false,"show_quantity":false,"button_type_product":"hide","button_type_product_mobile":true,"enable_rating_product_card":true,"show_wishlist":true,"show_compare":true,"show_quick_view":true,"show_wishlist_mobile":true,"show_compare_mobile":true,"show_quick_view_mobile":true,"show_lines":false,"lines_width":"fullwidth","background":"hide","color_background":"rgba(0,0,0,0)","gradient":"","image_overlay_opacity":0,"image_overlay_color":"rgba(0,0,0,0)","image_overlay_opacity_mobile":0,"image_overlay_color_mobile":"rgba(0,0,0,0)","show_parallax":false,"imagealign":"center","imagesize":"cover","background_width":"fullwidth","background_spacing":"normal","remove_bottom_spacing":false,"color_base":"rgba(0,0,0,0)","color_accent":"rgba(0,0,0,0)","color_lines":"rgba(0,0,0,0)","color_meta_products":"rgba(0,0,0,0)","color_meta_products_hover":"rgba(0,0,0,0)","color_product_name":"rgba(0,0,0,0)","color_product_name_hover":"rgba(0,0,0,0)","color_price":"rgba(0,0,0,0)","color_save_price":"rgba(0,0,0,0)","color_old_price":"rgba(0,0,0,0)","color_card_text":"rgba(0,0,0,0)","color_save_badge":"rgba(0,0,0,0)","color_save_badge_text":"rgba(0,0,0,0)","color_featured_badge":"rgba(0,0,0,0)","color_featured_badge_text":"rgba(0,0,0,0)","color_soldout_badge":"rgba(0,0,0,0)","color_soldout_badge_text":"rgba(0,0,0,0)","color_countdown_bg":"rgba(0,0,0,0)","color_countdown_text":"rgba(0,0,0,0)","color_interface_button":"rgba(0,0,0,0)","color_interface_button_text":"rgba(0,0,0,0)","color_interface_button_hover":"rgba(0,0,0,0)","color_interface_button_text_hover":"rgba(0,0,0,0)","color_interface_button_external":"rgba(0,0,0,0)","color_interface_button_text_external":"rgba(0,0,0,0)","color_interface_button_hover_external":"rgba(0,0,0,0)","color_interface_button_text_hover_external":"rgba(0,0,0,0)","color_button_cardswatches":"rgba(0,0,0,0)","color_button_border_cardswatches":"rgba(0,0,0,0)","color_button_text_cardswatches":"rgba(0,0,0,0)","color_button_hover_cardswatches":"rgba(0,0,0,0)","color_button_border_hover_cardswatches":"rgba(0,0,0,0)","color_button_text_hover_cardswatches":"rgba(0,0,0,0)","color_button_soldout_cardswatches":"rgba(0,0,0,0)","color_button_border_soldout_cardswatches":"rgba(0,0,0,0)","color_button_text_soldout_cardswatches":"rgba(0,0,0,0)","color_input_background":"rgba(0,0,0,0)","color_input_border":"rgba(0,0,0,0)","color_input_text":"rgba(0,0,0,0)","color_input_icon":"rgba(0,0,0,0)","color_input_background_hover":"rgba(0,0,0,0)","color_input_border_hover":"rgba(0,0,0,0)","color_input_outline_hover":"rgba(0,0,0,0)","color_input_text_hover":"rgba(0,0,0,0)","color_input_icon_hover":"rgba(0,0,0,0)","show_button_bg":true,"color_button":"rgba(0,0,0,0)","color_button_gradient":"","color_button_border":"rgba(0,0,0,0)","color_button_text":"rgba(0,0,0,0)","color_button_icon_main":"rgba(0,0,0,0)","show_button_bg_hover":true,"color_button_hover":"rgba(0,0,0,0)","color_button_gradient_hover":"","color_button_border_hover":"rgba(0,0,0,0)","color_button_text_hover":"rgba(0,0,0,0)","color_button_icon_hover_main":"rgba(0,0,0,0)","show_shadow_button":true,"color_shadow_button":"rgba(0,0,0,0)","color_shadow_hover_button":"rgba(0,0,0,0)","show_button_bg2":true,"color_button2":"rgba(0,0,0,0)","color_button_gradient2":"","color_button_border2":"rgba(0,0,0,0)","color_button_text2":"rgba(0,0,0,0)","show_button_bg_hover2":true,"color_button_hover2":"rgba(0,0,0,0)","color_button_gradient_hover2":"","color_button_border_hover2":"rgba(0,0,0,0)","color_button_text_hover2":"rgba(0,0,0,0)","show_shadow_button2":true,"color_shadow_button2":"rgba(0,0,0,0)","color_shadow_hover_button2":"rgba(0,0,0,0)","color_media_arrows":"rgba(0,0,0,0)","color_media_dots":"rgba(0,0,0,0)","color_active_rating":"rgba(0,0,0,0)","color_base_rating":"rgba(0,0,0,0)"}},"ticker_text_pRQajb":{"type":"ticker-text","blocks":{"text_d9dPyj":{"type":"text","settings":{"text":"Up to 50% Off","font_size":36}},"image_HxCeJd":{"type":"image","settings":{"image_height":50,"url":""}},"text_yPLiJ9":{"type":"text","settings":{"text":"Only This Week","font_size":20}},"image_9dUJ3e":{"type":"image","settings":{"image_height":50,"url":""}},"text_MjAWrP":{"type":"text","settings":{"text":"Free Returns","font_size":20}},"image_AiizYr":{"type":"image","settings":{"image_height":24,"url":""}}},"block_order":["text_d9dPyj","image_HxCeJd","text_yPLiJ9","image_9dUJ3e","text_MjAWrP","image_AiizYr"],"name":"t:names.ticker_text","settings":{"top_spacing":"normal","top_spacing_none_index":false,"h_space":80,"image_hover":"image-hover-none","image_roundness":0,"ticker_time":40,"direction":"ticker--animation-to-left","enable_dual_ticker":true,"swap_dual_ticker":false,"dual_ticker_opacity":40,"black_and_white":true,"show_lines":false,"background":"gradient","color_background":"#ffea54","gradient":"linear-gradient(120deg, rgba(255, 234, 84, 1) 11%, rgba(233, 253, 54, 1) 91%)","v_padding":10,"color_base":"rgba(0,0,0,0)","color_accent":"rgba(0,0,0,0)","color_lines":"rgba(0,0,0,0)"}},"featured_product_zRp8bV":{"type":"featured-product","blocks":{"animated_badge_hyTY4J":{"type":"animated_badge","settings":{"text":"Featured","icon_width":34,"color_bg":"rgba(0,0,0,0)","color_bg_inner":"rgba(0,0,0,0)","color_text":"rgba(0,0,0,0)","color_icon":"rgba(0,0,0,0)"}},"countdown_37cdAF":{"type":"countdown","settings":{"heading_size":"h5","heading":"Hurry up! Sale end in","color_base":"rgba(0,0,0,0)","color_lines":"rgba(0,0,0,0)","color_icon":"rgba(0,0,0,0)","color_text_icons":"rgba(0,0,0,0)","color_text_icons_bg":"rgba(0,0,0,0)","color_background_box":"rgba(0,0,0,0)"}},"title_LNDqgi":{"type":"title","settings":{"heading_size":"h3","color_text":"rgba(0,0,0,0)","color_text_hover":"rgba(0,0,0,0)"}},"price_kXpEWM":{"type":"price","settings":{"show_badge_on_sale":true,"show_tax":false,"show_shipping":false,"price_size":"h2","color_price":"rgba(0,0,0,0)","color_save_price":"#f44336","color_old_price":"rgba(0,0,0,0)"}},"inventory_TchQW4":{"type":"inventory","settings":{"inventory":8}},"people_counter_QMDAni":{"type":"people_counter","disabled":true,"settings":{"min":1,"max":7,"delay":10,"color_icon":"rgba(0,0,0,0)","color_icon_bg":"rgba(0,0,0,0)","color_text":"rgba(0,0,0,0)"}},"variant_picker_iycm9e":{"type":"variant_picker","settings":{"picker_type":"button","heading_size":"h5","buttons_count":"6","color_count":"auto","images_count":"auto","variant_name_1":"Size","heading_1":"","content_1":"","page_1":"size-guide","variant_name_2":"","heading_2":"","content_2":"","page_2":"","variant_name_3":"","heading_3":"","content_3":"","page_3":"","variant_name_4":"","heading_4":"","content_4":"","page_4":"","variant_name_5":"","heading_5":"","content_5":"","page_5":"","variant_name_6":"","content_6":"","page_6":"","color_button_image_color":"rgba(0,0,0,0)","color_button_swatches":"rgba(0,0,0,0)","color_button_border_swatches":"rgba(0,0,0,0)","color_button_text_swatches":"rgba(0,0,0,0)","color_button_hover_swatches":"rgba(0,0,0,0)","color_button_border_hover_swatches":"rgba(0,0,0,0)","color_button_text_hover_swatches":"rgba(0,0,0,0)","color_button_soldout_swatches":"rgba(0,0,0,0)","color_button_border_soldout_swatches":"rgba(0,0,0,0)","color_button_text_soldout_swatches":"rgba(0,0,0,0)","color_input_background":"rgba(0,0,0,0)","color_input_border":"rgba(0,0,0,0)","color_input_text":"rgba(0,0,0,0)","color_input_icon":"rgba(0,0,0,0)","color_input_background_hover":"rgba(0,0,0,0)","color_input_border_hover":"rgba(0,0,0,0)","color_input_outline_hover":"rgba(0,0,0,0)","color_input_text_hover":"rgba(0,0,0,0)","color_input_icon_hover":"rgba(0,0,0,0)"}},"buy_buttons_4L3e3P":{"type":"buy_buttons","settings":{"show_quantity":true,"button_type_product":"show","show_dynamic_checkout":false,"show_gift_card_recipient":false,"show_wishlist":true,"show_compare":false,"show_pickup_availability":true,"color_input_background":"rgba(0,0,0,0)","color_input_border":"rgba(0,0,0,0)","color_input_text":"rgba(0,0,0,0)","color_input_icon":"rgba(0,0,0,0)","color_input_background_hover":"rgba(0,0,0,0)","color_input_border_hover":"rgba(0,0,0,0)","color_input_outline_hover":"rgba(0,0,0,0)","color_input_text_hover":"rgba(0,0,0,0)","color_input_icon_hover":"rgba(0,0,0,0)","show_button_bg_addtocart":true,"color_button_addtocart":"#304ffe","color_button_gradient_addtocart":"","color_button_border_addtocart":"rgba(0,0,0,0)","color_button_text_addtocart":"#ffffff","color_button_icon_addtocart":"#ffffff","show_button_bg_hover_addtocart":true,"color_button_hover_addtocart":"rgba(0,0,0,0)","color_button_gradient_hover_addtocart":"","color_button_border_hover_addtocart":"rgba(0,0,0,0)","color_button_text_hover_addtocart":"rgba(0,0,0,0)","color_button_icon_hover_addtocart":"rgba(0,0,0,0)","show_shadow_button_addtocart":false,"color_shadow_button_addtocart":"#000000","color_shadow_hover_button_addtocart":"#000000","color_button_dynamic":"rgba(0,0,0,0)","color_button_text_dynamic":"rgba(0,0,0,0)","color_button_dynamic_hover":"rgba(0,0,0,0)","color_button_text_dynamic_hover":"rgba(0,0,0,0)","show_button_bg_wishlistpage":true,"color_button_wishlistpage":"rgba(0,0,0,0)","color_button_gradient_wishlistpage":"","color_button_border_wishlistpage":"rgba(0,0,0,0)","color_button_icon_wishlistpage":"rgba(0,0,0,0)","show_button_bg_hover_wishlistpage":true,"color_button_hover_wishlistpage":"rgba(0,0,0,0)","color_button_gradient_hover_wishlistpage":"","color_button_border_hover_wishlistpage":"rgba(0,0,0,0)","color_button_icon_hover_wishlistpage":"rgba(0,0,0,0)","show_shadow_button_wishlistpage":false,"color_shadow_button_wishlistpage":"#000000","color_shadow_hover_button_wishlistpage":"#000000","show_button_bg_comparepage":true,"color_button_comparepage":"rgba(0,0,0,0)","color_button_gradient_comparepage":"","color_button_border_comparepage":"rgba(0,0,0,0)","color_button_icon_comparepage":"rgba(0,0,0,0)","show_button_bg_hover_comparepage":true,"color_button_hover_comparepage":"rgba(0,0,0,0)","color_button_gradient_hover_comparepage":"","color_button_border_hover_comparepage":"rgba(0,0,0,0)","color_button_icon_hover_comparepage":"rgba(0,0,0,0)","show_shadow_button_comparepage":false,"color_shadow_button_comparepage":"#000000","color_shadow_hover_button_comparepage":"#000000","color_checkbox_background":"rgba(0,0,0,0)","color_checkbox_border":"rgba(0,0,0,0)","color_checkbox_text":"rgba(0,0,0,0)","color_checkbox_background_hover":"#ffffff","color_checkbox_border_hover":"rgba(0,0,0,0)","color_checkbox_hover":"rgba(0,0,0,0)","color_checkbox_icon_hover":"rgba(0,0,0,0)"}},"text_4M6B6f":{"type":"text","settings":{"icon_width":20,"align_content":"align-items-start","icon_name_1":"Info","content_1":"<p>Wokiee is one of the most powerful and flexible themes for creating a modern online store on the Shopify platform. It’s perfect for any type of business, no matter what you sell: fashion clothing, accessories, cosmetics, electronics, or even auto parts. This theme is designed to make your online store look stylish and professional while offering your customers an exceptional user experience.<\/p>","icon_name_2":"","content_2":"","icon_name_3":"","content_3":"","icon_name_4":"","content_4":"","icon_name_5":"","content_5":"","color_heading":"rgba(0,0,0,0)","color_text":"rgba(0,0,0,0)","color_link":"rgba(0,0,0,0)","color_icon":"rgba(0,0,0,0)","color_lines":"rgba(0,0,0,0)","color_bg":"rgba(0,0,0,0)"}},"link_9CkQpn":{"type":"link","settings":{"icon_name":"","text":"More Information","url":"","show_button_bg2":false,"color_button2":"rgba(0,0,0,0)","color_button_gradient2":"","color_button_border2":"rgba(0,0,0,0)","color_button_text2":"rgba(0,0,0,0)","color_button_icon_main2":"rgba(0,0,0,0)","show_button_bg_hover2":true,"color_button_hover2":"rgba(0,0,0,0)","color_button_gradient_hover2":"","color_button_border_hover2":"rgba(0,0,0,0)","color_button_text_hover2":"rgba(0,0,0,0)","color_button_icon_hover_main2":"rgba(0,0,0,0)","show_shadow_button2":false,"color_shadow_button2":"rgba(0,0,0,0)","color_shadow_hover_button2":"rgba(0,0,0,0)"}}},"block_order":["animated_badge_hyTY4J","countdown_37cdAF","title_LNDqgi","price_kXpEWM","inventory_TchQW4","people_counter_QMDAni","variant_picker_iycm9e","buy_buttons_4L3e3P","text_4M6B6f","link_9CkQpn"],"name":"t:names.featured_product","settings":{"product":"strap-tank-top","top_spacing":"normal","width":"default","section_width":76,"page_width":40,"text_content_padding":40,"gallery_position":"to left","top_spacing_blocks":40,"top_spacing_blocks_mobile":40,"enable_sticky_info":"sticky","media_type":"disabled_thumbnails","media_type_mobile":"disabled_thumbnails","image_ratio":"auto","show_lines":false,"lines_width":"fullwidth","background":"hide","color_background":"rgba(0,0,0,0)","gradient":"","image_overlay_opacity":0,"image_overlay_color":"rgba(0,0,0,0)","image_overlay_opacity_mobile":0,"image_overlay_color_mobile":"rgba(0,0,0,0)","show_parallax":false,"imagealign":"center","imagesize":"cover","background_width":"fullwidth","background_spacing":"normal","remove_bottom_spacing":false,"color_base":"rgba(0,0,0,0)","color_accent":"rgba(0,0,0,0)","color_lines":"rgba(0,0,0,0)","color_media_background":"rgba(0,0,0,0)","color_media_icon":"rgba(0,0,0,0)","color_media_background_hover":"rgba(0,0,0,0)","color_media_icon_hover":"rgba(0,0,0,0)","color_thumbnails_border":"rgba(0,0,0,0)","color_media_dots":"rgba(0,0,0,0)"}},"ticker_text_EEBr33":{"type":"ticker-text","blocks":{"text_kxVkJq":{"type":"text","settings":{"text":"Up to 50% Off","font_size":36}},"image_3wPEyX":{"type":"image","settings":{"image_height":50,"url":""}},"text_UyfVya":{"type":"text","settings":{"text":"Only This Week","font_size":20}},"image_wVEA3r":{"type":"image","settings":{"image_height":50,"url":""}},"text_kXWteA":{"type":"text","settings":{"text":"Free Returns","font_size":20}},"image_NnRAy8":{"type":"image","settings":{"image_height":24,"url":""}}},"block_order":["text_kxVkJq","image_3wPEyX","text_UyfVya","image_wVEA3r","text_kXWteA","image_NnRAy8"],"name":"t:names.ticker_text","settings":{"top_spacing":"normal","top_spacing_none_index":false,"h_space":80,"image_hover":"image-hover-none","image_roundness":0,"ticker_time":40,"direction":"ticker--animation-to-right","enable_dual_ticker":true,"swap_dual_ticker":true,"dual_ticker_opacity":0,"black_and_white":true,"show_lines":false,"background":"gradient","color_background":"rgba(0,0,0,0)","gradient":"linear-gradient(90deg, rgba(255, 211, 226, 1) 4%, rgba(195, 200, 255, 1) 100%)","v_padding":10,"color_base":"rgba(0,0,0,0)","color_accent":"rgba(0,0,0,0)","color_lines":"rgba(0,0,0,0)"}},"brands_grid_UQ6qUW":{"type":"brands-grid","blocks":{"item_9zGC9J":{"type":"item","settings":{"brand_name":"","custom_link":""}},"item_kUHqnX":{"type":"item","settings":{"brand_name":"","custom_link":""}},"item_aEF6XC":{"type":"item","settings":{"brand_name":"","custom_link":""}},"item_cxGUXJ":{"type":"item","settings":{"brand_name":"","custom_link":""}},"item_gCF7Cm":{"type":"item","settings":{"brand_name":"","custom_link":""}},"item_7g7Pzk":{"type":"item","settings":{"brand_name":"","custom_link":""}},"item_DpjrmG":{"type":"item","settings":{"brand_name":"","custom_link":""}},"item_PJzUHH":{"type":"item","settings":{"brand_name":"","custom_link":""}}},"block_order":["item_9zGC9J","item_kUHqnX","item_aEF6XC","item_cxGUXJ","item_gCF7Cm","item_7g7Pzk","item_DpjrmG","item_PJzUHH"],"name":"t:names.brands_grid","settings":{"main_subheading":"Our Brands","main_heading":"Higher Demand","main_desc":"Top picks from the most wanted labels.","heading_aligment":"text-center","top_spacing":"normal","width":"default","grid":"page-grid-md-6 page-grid-lg-8 page-grid-8","grid_tablet":"page-grid-st-4","mobile_grid":"2","image_ratio":"1","text_align":"text-center","hover_underline":true,"swipe":false,"desktop_navigation":"dots_arrows","mobile_navigation":"dots","autoplay_enabled":false,"autoplay_time":5,"show_lines":false,"lines_width":"fullwidth","background":"hide","color_background":"rgba(0,0,0,0)","gradient":"","image_overlay_opacity":0,"image_overlay_color":"rgba(0,0,0,0)","image_overlay_opacity_mobile":0,"image_overlay_color_mobile":"rgba(0,0,0,0)","show_parallax":false,"imagealign":"center","imagesize":"cover","background_width":"fullwidth","background_spacing":"normal","remove_bottom_spacing":false,"color_base":"rgba(0,0,0,0)","color_accent":"rgba(0,0,0,0)","color_lines":"rgba(0,0,0,0)","color_lines_hover":"#000000","color_text_link":"rgba(0,0,0,0)","color_text_link_hover":"rgba(0,0,0,0)","color_background_box":"rgba(0,0,0,0)","color_media_arrows":"rgba(0,0,0,0)","color_media_dots":"rgba(0,0,0,0)"}},"shop_the_feed_kXGc98":{"type":"shop-the-feed","blocks":{"banner_7TRHU9":{"type":"banner","settings":{"product":"loose-fit-jeans","icon_name_1":"","url_1":"","icon_name_2":"tiktok","url_2":"#"}},"banner_6iLjV9":{"type":"banner","settings":{"product":"ruched-bandeau-top","icon_name_1":"","url_1":"","icon_name_2":"tiktok","url_2":"#"}},"banner_emqNCz":{"type":"banner","settings":{"product":"square-cut-t-shirt-with-long-sleeves","icon_name_1":"","url_1":"","icon_name_2":"tiktok","url_2":"#"}},"banner_n4C9Ki":{"type":"banner","settings":{"product":"high-rise-mom-jeans-with-a-relaxed-fit","icon_name_1":"","url_1":"","icon_name_2":"tiktok","url_2":"#"}},"banner_ErTpdP":{"type":"banner","settings":{"product":"short-dress-with-waffle-texture-and-print","icon_name_1":"","url_1":"","icon_name_2":"tiktok","url_2":"#"}},"banner_eUyNWc":{"type":"banner","settings":{"product":"small-faux-leather-bag","icon_name_1":"","url_1":"","icon_name_2":"tiktok","url_2":"#"}},"banner_cgiX3H":{"type":"banner","settings":{"product":"textured-t-shirt-with-buttons","icon_name_1":"","url_1":"","icon_name_2":"tiktok","url_2":"#"}},"banner_hDEnMP":{"type":"banner","settings":{"product":"skater-jeans","icon_name_1":"","url_1":"","icon_name_2":"tiktok","url_2":"#"}}},"block_order":["banner_7TRHU9","banner_6iLjV9","banner_emqNCz","banner_n4C9Ki","banner_ErTpdP","banner_eUyNWc","banner_cgiX3H","banner_hDEnMP"],"name":"t:names.shop_the_feed","settings":{"main_subheading":"Shop the Feed","main_heading":"Style in Motion","main_desc":"Discover how our outfits move, flow, and fit in real life.","heading_aligment":"text-center","icon_name":"tiktok","link_name":"Follow Us @wokiee","url":"#","icon_name_2":"","link_name_2":"","url_2":"","top_spacing":"none","width":"default","grid":"page-grid-md-5 page-grid-lg-5 page-grid-5","grid_tablet":"page-grid-st-3","swipe":true,"desktop_navigation":"dots_arrows","mobile_navigation":"dots","video_slide_mode":"autoplay_muted","video_overlay_opacity":80,"align_content_product":"align-items-center","image_hover":"default","image_ratio":"auto","show_secondary_image":true,"customize":false,"show_vendor":true,"show_price":true,"enable_rating_product_card":true,"truncate_product_name":false,"hover_underline":true,"show_badge_on_sale":true,"show_badge_sold_out":true,"show_badge_feature":true,"show_lines":false,"lines_width":"fullwidth","background":"gradient","color_background":"#000000","gradient":"linear-gradient(180deg, rgba(255, 255, 255, 1), rgba(245, 245, 245, 1) 100%)","image_overlay_opacity":0,"image_overlay_color":"rgba(0,0,0,0)","image_overlay_opacity_mobile":0,"image_overlay_color_mobile":"rgba(0,0,0,0)","show_parallax":false,"imagealign":"center","imagesize":"cover","background_width":"fullwidth","background_spacing":"normal","remove_bottom_spacing":false,"color_base":"rgba(0,0,0,0)","color_accent":"rgba(0,0,0,0)","color_lines":"rgba(0,0,0,0)","color_vendor":"#ffffff","color_text_link":"#ffffff","color_text_link_hover":"rgba(0,0,0,0)","color_price":"#ffffff","color_save_price":"#f44336","color_old_price":"#ffffff","color_active_rating":"rgba(0,0,0,0)","color_base_rating":"rgba(0,0,0,0)","show_button_bg2":true,"color_button2":"rgba(0,0,0,0)","color_button_gradient2":"","color_button_border2":"rgba(0,0,0,0)","color_button_text2":"rgba(0,0,0,0)","color_button_icon2":"rgba(0,0,0,0)","show_button_bg_hover2":true,"color_button_hover2":"rgba(0,0,0,0)","color_button_gradient_hover2":"","color_button_border_hover2":"rgba(0,0,0,0)","color_button_text_hover2":"rgba(0,0,0,0)","color_button_icon_hover2":"rgba(0,0,0,0)","show_shadow_button2":true,"color_shadow_button2":"rgba(0,0,0,0)","color_shadow_hover_button2":"rgba(0,0,0,0)","color_social_media":"#ffffff","color_social_media_hover":"rgba(0,0,0,0)","color_media_background":"rgba(0,0,0,0)","color_media_icon":"rgba(0,0,0,0)","color_media_background_hover":"rgba(0,0,0,0)","color_media_icon_hover":"rgba(0,0,0,0)","color_media_arrows":"rgba(0,0,0,0)","color_media_dots":"rgba(0,0,0,0)","video_overlay_color":"rgba(0,0,0,0)"}},"blog_posts_iVCtNh":{"type":"blog-posts","name":"t:names.blog_posts","settings":{"blog":"news","main_subheading":"Latest From Blog","main_heading":"Most Exciting News","main_desc":"What’s new, what’s trending — all in one place.","heading_aligment":"text-center","link_name":"Get Inspired on Our Blog","top_spacing":"normal","width":"page-width","grid":"page-grid-md-4 page-grid-lg-4 page-grid-4","grid_tablet":"page-grid-st-3","image_hover":"default","image_ratio":"auto","post_limit":6,"texts_aligment":"text-left","heading_size":"h5","show_image":true,"truncate_post_heading":false,"hover_underline":false,"showtags":false,"show_date":true,"show_author":false,"show_button":false,"show_comment_count":true,"excerpt":"hide","swipe":true,"desktop_navigation":"dots_arrows","mobile_navigation":"dots","autoplay_enabled":false,"autoplay_time":5,"show_lines":false,"lines_width":"fullwidth","background":"hide","color_background":"rgba(0,0,0,0)","gradient":"","image_overlay_opacity":0,"image_overlay_color":"rgba(0,0,0,0)","image_overlay_opacity_mobile":0,"image_overlay_color_mobile":"rgba(0,0,0,0)","show_parallax":false,"imagealign":"center","imagesize":"cover","background_width":"fullwidth","background_spacing":"normal","remove_bottom_spacing":false,"color_base":"rgba(0,0,0,0)","color_accent":"rgba(0,0,0,0)","color_lines":"rgba(0,0,0,0)","color_text_link":"rgba(0,0,0,0)","color_text_link_hover":"rgba(0,0,0,0)","color_desc":"rgba(0,0,0,0)","show_button_bg":true,"color_button":"rgba(0,0,0,0)","color_button_gradient":"","color_button_border":"rgba(0,0,0,0)","color_button_text":"rgba(0,0,0,0)","show_button_bg_hover":true,"color_button_hover":"rgba(0,0,0,0)","color_button_gradient_hover":"","color_button_border_hover":"rgba(0,0,0,0)","color_button_text_hover":"rgba(0,0,0,0)","show_shadow_button":true,"color_shadow_button":"rgba(0,0,0,0)","color_shadow_hover_button":"rgba(0,0,0,0)","show_button_bg2":true,"color_button2":"rgba(0,0,0,0)","color_button_gradient2":"","color_button_border2":"rgba(0,0,0,0)","color_button_text2":"rgba(0,0,0,0)","show_button_bg_hover2":true,"color_button_hover2":"rgba(0,0,0,0)","color_button_gradient_hover2":"","color_button_border_hover2":"rgba(0,0,0,0)","color_button_text_hover2":"rgba(0,0,0,0)","show_shadow_button2":true,"color_shadow_button2":"rgba(0,0,0,0)","color_shadow_hover_button2":"rgba(0,0,0,0)","color_media_arrows":"rgba(0,0,0,0)","color_media_dots":"rgba(0,0,0,0)"}},"wokiee_review_mUmwVj":{"type":"wokiee-review","blocks":{"item_QcR38K":{"type":"item","settings":{"show_image":"show","showstars":true,"rating":5,"heading_text":"Exceptional Support and Clean Code","desc":"I was impressed by how fast the support team responded to my questions. Even as someone with basic coding knowledge, I found the theme incredibly easy to work with. The code is well-organized, and everything runs smoothly.","author":"— Lucas M","author_description":"Small Business Owner (Electronics Store)","url":""}},"item_pzcfyn":{"type":"item","settings":{"show_image":"show","showstars":true,"rating":5,"heading_text":"Reliable Theme with Excellent Customer Service","desc":"After trying multiple themes over the past two years, I finally settled on Wokiee — and I haven’t looked back since. It’s one of the most reliable and well-built themes I’ve worked with. The design is clean, modern, and incredibly flexible, making it easy to match my brand identity without needing any additional coding.","author":"— Sophie N","author_description":"Owner of a Home Decor Store","url":""}},"item_ApCiEf":{"type":"item","settings":{"show_image":"show","showstars":true,"rating":5,"heading_text":"Beautiful Design and Great Flexibility","desc":"Wokiee is hands down the best Shopify theme I’ve used. The design options are stunning and fully customizable. I was able to build a high-converting store without any external developers.","author":"— Rachel L","author_description":"Fashion Brand Founder","url":""}},"item_x9g4hh":{"type":"item","settings":{"show_image":"show","showstars":true,"rating":5,"heading_text":"Amazing Customization Options!","desc":"Wokiee gave me full creative control over my store’s layout and visuals. The theme’s design blocks are so flexible that I could create something truly unique — without touching a single line of code.","author":"— James T","author_description":"Handmade Goods Seller","url":""}},"item_GPe7zK":{"type":"item","settings":{"show_image":"show","showstars":true,"rating":5,"heading_text":"High-Quality Theme with Professional Code","desc":"You can tell Wokiee was built by pros. The code is clean and optimized for performance. No bloated features — just what you need. My store loads fast and looks great on all devices.","author":"— Anna V","author_description":"UI\/UX Designer","url":""}},"item_xGtEq6":{"type":"item","settings":{"show_image":"show","showstars":true,"rating":5,"heading_text":"Top-Notch Support and Regular Updates","desc":"The customer support team is incredible — helpful, responsive, and very professional. They’ve helped me resolve everything from layout tweaks to app integrations. Plus, the theme is regularly updated with new features.","author":"— David P","author_description":"Shopify Consultant","url":""}}},"block_order":["item_QcR38K","item_pzcfyn","item_ApCiEf","item_x9g4hh","item_GPe7zK","item_xGtEq6"],"name":"t:names.reviews","settings":{"main_subheading":"Reviews","main_heading":"Customer Feedback","main_desc":"What do people think about Wokiee?","heading_aligment":"text-center","top_spacing":"normal","width":"default","grid":"page-grid-md-4 page-grid-lg-4 page-grid-4","grid_tablet":"page-grid-st-2","heading_size":"h5","hover_underline":false,"swipe":true,"desktop_navigation":"dots_arrows","mobile_navigation":"dots","autoplay_enabled":false,"autoplay_time":5,"show_lines":false,"lines_width":"fullwidth","background":"color","color_background":"rgba(0,0,0,0)","gradient":"linear-gradient(180deg, rgba(255, 255, 255, 1), rgba(245, 245, 245, 1) 100%)","image_overlay_opacity":0,"image_overlay_color":"rgba(0,0,0,0)","image_overlay_opacity_mobile":0,"image_overlay_color_mobile":"rgba(0,0,0,0)","show_parallax":false,"imagealign":"center","imagesize":"cover","background_width":"fullwidth","background_spacing":"normal","remove_bottom_spacing":false,"color_base":"rgba(0,0,0,0)","color_accent":"rgba(0,0,0,0)","color_lines":"#ffffff","color_text_link":"rgba(0,0,0,0)","color_text_link_hover":"#000000","color_desc":"rgba(0,0,0,0)","color_background_box":"rgba(0,0,0,0)","color_rating_active":"#ffab00","color_rating_base":"#ffe6b3","color_media_arrows":"rgba(0,0,0,0)","color_media_dots":"rgba(0,0,0,0)"}},"gallery_VwCDx8":{"type":"gallery","blocks":{"item_LD4hJA":{"type":"item","settings":{}},"item_BnBtHT":{"type":"item","settings":{}},"item_rX9Hxd":{"type":"item","settings":{}},"item_kdhAHX":{"type":"item","settings":{}},"item_tYQcH6":{"type":"item","settings":{}},"item_8ETajj":{"type":"item","settings":{}},"item_eF9y3x":{"type":"item","settings":{}},"item_cBAnYF":{"type":"item","settings":{}}},"block_order":["item_LD4hJA","item_BnBtHT","item_rX9Hxd","item_kdhAHX","item_tYQcH6","item_8ETajj","item_eF9y3x","item_cBAnYF"],"name":"t:names.gallery","settings":{"main_subheading":"Instagram","main_heading":"Your Style, in Action","main_desc":"Stay inspired by our daily looks and updates.","heading_aligment":"text-center","icon_name":"instagram","link_name":"Follow Us @wokiee","url":"#","icon_name_2":"","link_name_2":"","url_2":"","top_spacing":"normal","width":"page-wide","grid":"page-grid-8","grid_tablet":"page-grid-st-4","mobile_grid":"2","image_hover":"default","image_ratio":"1","image_zoom":true,"show_lines":false,"lines_width":"fullwidth","background":"hide","color_background":"rgba(0,0,0,0)","gradient":"","image_overlay_opacity":0,"image_overlay_color":"rgba(0,0,0,0)","image_overlay_opacity_mobile":0,"image_overlay_color_mobile":"rgba(0,0,0,0)","show_parallax":false,"imagealign":"center","imagesize":"cover","background_width":"fullwidth","background_spacing":"normal","remove_bottom_spacing":false,"color_base":"rgba(0,0,0,0)","color_accent":"rgba(0,0,0,0)","color_lines":"rgba(0,0,0,0)","color_lines_hover":"rgba(0,0,0,0)","color_icon_bg":"rgba(0,0,0,0)","color_icon_icon":"rgba(0,0,0,0)","show_button_bg2":true,"color_button2":"rgba(0,0,0,0)","color_button_gradient2":"","color_button_border2":"rgba(0,0,0,0)","color_button_text2":"rgba(0,0,0,0)","color_button_icon2":"rgba(0,0,0,0)","show_button_bg_hover2":true,"color_button_hover2":"rgba(0,0,0,0)","color_button_gradient_hover2":"","color_button_border_hover2":"rgba(0,0,0,0)","color_button_text_hover2":"rgba(0,0,0,0)","color_button_icon_hover2":"rgba(0,0,0,0)","show_shadow_button2":true,"color_shadow_button2":"rgba(0,0,0,0)","color_shadow_hover_button2":"rgba(0,0,0,0)"}}},"order":["banners_NJG4K9","slider_XNdg6V","banners_collage_ApK3hV","featured_collection_bWU6n4","banners_8RDqap","featured_collection_VV6Jcx","ticker_text_pRQajb","featured_product_zRp8bV","ticker_text_EEBr33","brands_grid_UQ6qUW","shop_the_feed_kXGc98","blog_posts_iVCtNh","wokiee_review_mUmwVj","gallery_VwCDx8"]}