{
  "sections": {
    "main": {
      "type": "main-compare",
      "settings": {
        "heading_aligment": "text-center",
        "top_spacing": "normal",
        "width": "default",
        "image_hover": "default",
        "image_ratio": "auto",
        "hover_underline": true,
        "show_badge_on_sale": true,
        "show_badge_sold_out": true,
        "show_badge_feature": true,
        "show_sku": true,
        "show_vendor": true,
        "show_type": true,
        "show_price": true,
        "truncate_product_name": false,
        "button_type_product": true,
        "show_wishlist": true,
        "show_inventory": true,
        "inventory": 8
      }
    }
  },
  "order": [
    "main"
  ]
}
