{
  "sections": {
    "main": {
      "type": "main-page",
      "settings": {
        "show_heading": true,
        "heading_aligment": "text-center",
        "top_spacing": "normal",
        "width": "default",
        "background": "hide",
        "color_background": "rgba(0,0,0,0)",
        "gradient": "",
        "image_overlay_opacity": 0,
        "image_overlay_color": "rgba(0,0,0,0)",
        "image_overlay_opacity_mobile": 0,
        "image_overlay_color_mobile": "rgba(0,0,0,0)",
        "show_parallax": false,
        "imagealign": "center",
        "imagesize": "cover",
        "background_width": "fullwidth",
        "background_spacing": "normal",
        "remove_bottom_spacing": false
      }
    }
  },
  "order": [
    "main"
  ]
}
