{
  "layout": "password",
  "sections": {
    "main": {
      "type": "newsletter-signup",
      "disabled": true,
      "settings": {
        "main_subheading": "Subheading",
        "main_heading": "Newsletter Signup",
        "main_desc": "Highlight the best collections in your store",
        "heading_aligment": "text-center",
        "top_spacing": "normal",
        "width": "default",
        "show_newsletter": true,
        "desc2": "<p>By clicking the button you agree to the <a href=\"/\"><strong>Privacy Policy</strong></a> and <a href=\"/\"><strong>Terms and Conditions</strong></a>.</p>",
        "show_social": true,
        "show_lines": false,
        "lines_width": "fullwidth",
        "background": "hide",
        "color_background": "rgba(0,0,0,0)",
        "gradient": "",
        "imagealign": "center",
        "imagesize": "cover",
        "image_overlay_opacity": 0,
        "image_overlay_color": "rgba(0,0,0,0)",
        "background_width": "fullwidth",
        "background_spacing": "normal",
        "remove_bottom_spacing": false,
        "color_base": "rgba(0,0,0,0)",
        "color_accent": "rgba(0,0,0,0)",
        "color_lines": "rgba(0,0,0,0)",
        "color_heading": "rgba(0,0,0,0)",
        "color_text_link": "rgba(0,0,0,0)",
        "color_text_link_hover": "rgba(0,0,0,0)",
        "color_social_icons": "rgba(0,0,0,0)",
        "color_social_icons_hover": "rgba(0,0,0,0)",
        "color_input_background": "rgba(0,0,0,0)",
        "color_input_border": "rgba(0,0,0,0)",
        "color_input_text": "rgba(0,0,0,0)",
        "color_input_icon": "rgba(0,0,0,0)",
        "color_input_background_hover": "rgba(0,0,0,0)",
        "color_input_border_hover": "rgba(0,0,0,0)",
        "color_input_outline_hover": "rgba(0,0,0,0)",
        "color_input_text_hover": "rgba(0,0,0,0)",
        "color_input_icon_hover": "rgba(0,0,0,0)"
      }
    }
  },
  "order": [
    "main"
  ]
}
