{
  "sections": {
    "main": {
      "type": "main-product",
      "blocks": {
        "countdown_raHXfb": {
          "type": "countdown",
          "settings": {
            "heading_size": "h5",
            "heading": "Hurry up! Sale end in",
            "color_base": "rgba(0,0,0,0)",
            "color_lines": "rgba(0,0,0,0)",
            "color_icon": "rgba(0,0,0,0)",
            "color_text_icons": "rgba(0,0,0,0)",
            "color_text_icons_bg": "rgba(0,0,0,0)",
            "color_background_box": "rgba(0,0,0,0)"
          }
        },
        "information_DQTzTU": {
          "type": "information",
          "settings": {
            "show_sku": true,
            "show_barcode": true,
            "show_vendor": true,
            "show_type": false
          }
        },
        "title_GLajYQ": {
          "type": "title",
          "settings": {
            "heading_size": "h4"
          }
        },
        "price_XHwahC": {
          "type": "price",
          "settings": {
            "show_badge_on_sale": true,
            "show_tax": true,
            "show_shipping": true,
            "price_size": "h3"
          }
        },
        "people_counter_6XpPNc": {
          "type": "people_counter",
          "settings": {
            "min": 3,
            "max": 15,
            "delay": 10
          }
        },
        "inventory_nNrwhq": {
          "type": "inventory",
          "settings": {
            "inventory": 5
          }
        },
        "free_shipping_QpwtUE": {
          "type": "free-shipping",
          "settings": {}
        },
        "cart_counter_XfP47E": {
          "type": "cart_counter",
          "disabled": true,
          "settings": {
            "min": 1,
            "max": 7,
            "delay": 10
          }
        },
        "popup_dYwDRm": {
          "type": "popup",
          "settings": {
            "icon_name": "measuring_tape",
            "text": "Size Guide",
            "text_heading": "",
            "content": "",
            "page": "size-guide"
          }
        },
        "variant_picker_zYJKhL": {
          "type": "variant_picker",
          "settings": {
            "picker_type": "button",
            "heading_size": "h6",
            "buttons_count": "auto",
            "color_count": "12",
            "images_count": "6",
            "variant_name_1": "Size",
            "heading_1": "Size Guide",
            "content_1": "",
            "page_1": "size-guide",
            "variant_name_2": "Color",
            "heading_2": "Informational Popup for Product Options",
            "content_2": "",
            "page_2": "an-informational-popup",
            "variant_name_3": "",
            "heading_3": "",
            "content_3": "",
            "page_3": "",
            "variant_name_4": "",
            "heading_4": "",
            "content_4": "",
            "page_4": "",
            "variant_name_5": "",
            "heading_5": "",
            "content_5": "",
            "page_5": "",
            "variant_name_6": "",
            "content_6": "",
            "page_6": ""
          }
        },
        "buy_buttons_exgEyk": {
          "type": "buy_buttons",
          "settings": {
            "show_quantity": true,
            "button_type_product": "show",
            "enable_sticky_addtocart": true,
            "show_dynamic_checkout": true,
            "show_gift_card_recipient": true,
            "show_wishlist": true,
            "show_compare": true
          }
        },
        "gallery_EeAMCD": {
          "type": "gallery",
          "settings": {
            "heading_size": "h5",
            "heading_text": "Guaranteed Safe Checkout",
            "enable_heading_text": true,
            "grid": "page-grid-9",
            "image_ratio": "auto",
            "image_fit": "image-fit-contain",
            "roundness_type": "custom",
            "roundness": 0,
            "text_1": "Google Pay is an electronic payment system for Android devices developed by Google",
            "url_1": "",
            "text_2": "",
            "url_2": "",
            "text_3": "",
            "url_3": "",
            "text_4": "",
            "url_4": "",
            "text_5": "",
            "url_5": "",
            "image_6": "",
            "text_6": "Google Pay is an electronic payment system for Android devices developed by Google.",
            "url_6": "",
            "image_7": "",
            "text_7": "Apple Pay is a mobile payment system and electronic wallet from Apple Inc.",
            "url_7": "",
            "image_8": "",
            "text_8": "PayPal is a widely used online payment platform that allows individuals and businesses to send and receive money over the internet.",
            "url_8": "",
            "image_9": "",
            "text_9": "Visa is a global payments technology company that facilitates digital payments and financial transactions.",
            "url_9": "",
            "image_10": "",
            "text_10": "Mastercard is a global payments technology company that provides a network for electronic payments.",
            "url_10": "",
            "text_11": "",
            "url_11": "",
            "text_12": "",
            "url_12": "",
            "text_13": "",
            "url_13": "",
            "text_14": "",
            "url_14": "",
            "text_15": "",
            "url_15": "",
            "text_16": "",
            "url_16": "",
            "text_17": "",
            "url_17": "",
            "text_18": "",
            "url_18": "",
            "color_heading": "rgba(0,0,0,0)",
            "color_tooltip": "rgba(0,0,0,0)",
            "color_tooltip_text": "rgba(0,0,0,0)"
          }
        },
        "message_c3GPR3": {
          "type": "message",
          "settings": {
            "show_icon": true,
            "text": "Ask a Question"
          }
        },
        "share_QFRNxB": {
          "type": "share",
          "settings": {
            "show_icon": true,
            "share_label": "Share"
          }
        },
        "horizontal_tabs_nMDkcq": {
          "type": "horizontal_tabs",
          "disabled": true,
          "settings": {
            "show_line": true,
            "heading_text_1": "Description",
            "icon_name_1": "Info",
            "content_1": "{{ product.description }}",
            "page_1": "",
            "heading_text_2": "Material",
            "icon_name_2": "Leather",
            "content_2": "",
            "page_2": "materials",
            "heading_text_3": "Shipping & Returns",
            "icon_name_3": "truck_1",
            "content_3": "<ul><li>Free shipping on orders over $50</li><li> Standard delivery within 2–5 business days</li><li>Easy 30-day returns</li><li>Return items in original condition for a full refund</li></ul>",
            "page_3": "",
            "heading_text_4": "",
            "icon_name_4": "",
            "content_4": "",
            "page_4": "",
            "heading_text_5": "",
            "icon_name_5": "",
            "content_5": "",
            "page_5": ""
          }
        },
        "description_mm8HBA": {
          "type": "description",
          "settings": {
            "heading_text": "Description",
            "icon_name": "Info",
            "heading_size": "h6",
            "description_property": "tab-accordion",
            "show_all_text_in_admin": false
          }
        },
        "collapsible_tab_taCnKa": {
          "type": "collapsible_tab",
          "settings": {
            "heading_text": "Features",
            "icon_name": "star",
            "content": "",
            "page": "features",
            "heading_size": "h6",
            "description_property": "tab-accordion",
            "show_all_text_in_admin": false
          }
        },
        "collapsible_tab_BbQYz4": {
          "type": "collapsible_tab",
          "settings": {
            "heading_text": "Material",
            "icon_name": "Leather",
            "content": "",
            "page": "materials",
            "heading_size": "h6",
            "description_property": "tab-accordion",
            "show_all_text_in_admin": false
          }
        },
        "collapsible_tab_7BD3P3": {
          "type": "collapsible_tab",
          "settings": {
            "heading_text": "Care",
            "icon_name": "hand_heart",
            "content": "<p><strong>Caring for your clothes is also caring for the environment.</strong></p><p>To keep your clothes fresh and clean, simply refresh them and gently wipe with a cloth or clothing brush. This is a more delicate process for fabrics and helps avoid water and energy consumption from washing. </p><ul><li>Hand wash at a temperature not exceeding 30ºC / 86ºF<br/></li><li>Do not use bleach or brighteners<br/></li><li>Iron at a temperature not exceeding 110ºC / 230ºF<br/></li><li>Do not dry clean<br/></li><li>Do not tumble dry</li></ul>",
            "page": "test-typography",
            "heading_size": "h6",
            "description_property": "tab-accordion",
            "show_all_text_in_admin": false
          }
        },
        "collapsible_tab_aqfENM": {
          "type": "collapsible_tab",
          "settings": {
            "heading_text": "Shipping & Returns",
            "icon_name": "truck_1",
            "content": "<ul><li>Free shipping on orders over $50</li><li> Standard delivery within 2–5 business days</li><li>Easy 30-day returns</li><li>Return items in original condition for a full refund</li></ul>",
            "page": "",
            "heading_size": "h6",
            "description_property": "tab-accordion",
            "show_all_text_in_admin": false
          }
        },
        "blurb_npXLb8": {
          "type": "blurb",
          "settings": {
            "text_align": "text-left",
            "heading_size": "h6",
            "icon_width": 30,
            "show_icon_box": false,
            "icon_box_roundness": 8,
            "hover_underline": true,
            "show_icon_1": "svg",
            "icon_name_1": "Box",
            "block_heading_1": "Free Shipping on Orders over $50",
            "block_text_1": "<p>No code needed — just add items to your cart and head to checkout!</p>",
            "button_name_1": "",
            "url_1": "",
            "show_icon_2": "svg",
            "icon_name_2": "Return",
            "block_heading_2": "Easy 30-day Returns",
            "block_text_2": "<p>Changed your mind? No problem. You have 30 days to return your item, no questions asked.</p>",
            "button_name_2": "",
            "url_2": "",
            "show_icon_3": "svg",
            "icon_name_3": "",
            "block_heading_3": "",
            "block_text_3": "",
            "button_name_3": "",
            "url_3": "",
            "color_base": "rgba(0,0,0,0)",
            "color_accent": "rgba(0,0,0,0)",
            "color_lines": "rgba(0,0,0,0)",
            "color_text_link": "rgba(0,0,0,0)",
            "color_text_link_hover": "rgba(0,0,0,0)",
            "color_desc": "rgba(0,0,0,0)",
            "color_text_icons": "rgba(0,0,0,0)",
            "color_text_icons_bg": "rgba(0,0,0,0)",
            "color_link": "rgba(0,0,0,0)",
            "color_link_icon": "rgba(0,0,0,0)",
            "color_link_hover": "rgba(0,0,0,0)",
            "color_link_icon_hover": "rgba(0,0,0,0)",
            "color_background_box": "rgba(0,0,0,0)"
          }
        },
        "text_ERLTVY": {
          "type": "text",
          "settings": {
            "icon_width": 20,
            "align_content": "align-items-center",
            "icon_name_1": "truck_2",
            "content_1": "<p>Standard delivery within 2–5 business days</p>",
            "icon_name_2": "shirt",
            "content_2": "<p>Return items in original condition for a full refund</p>",
            "icon_name_3": "",
            "content_3": "",
            "icon_name_4": "",
            "content_4": "",
            "icon_name_5": "",
            "content_5": ""
          }
        },
        "complementary_3PEJ3Q": {
          "type": "complementary",
          "settings": {
            "heading_size": "h5",
            "heading_text": "Complementary Products",
            "icon_name": "tag",
            "product_limit": 5,
            "swipe": true,
            "desktop_navigation": "dots_arrows",
            "mobile_navigation": "dots",
            "autoplay_enabled": false,
            "autoplay_time": 5,
            "image_hover": "default",
            "image_ratio": "auto",
            "align_content": "center",
            "show_secondary_image": true,
            "show_vendor": true,
            "show_price": true,
            "enable_rating_product_card": true,
            "truncate_product_name": true,
            "hover_underline": true,
            "show_badge_on_sale": true,
            "show_badge_sold_out": true,
            "show_badge_feature": true
          }
        }
      },
      "block_order": [
        "countdown_raHXfb",
        "information_DQTzTU",
        "title_GLajYQ",
        "price_XHwahC",
        "people_counter_6XpPNc",
        "inventory_nNrwhq",
        "free_shipping_QpwtUE",
        "cart_counter_XfP47E",
        "popup_dYwDRm",
        "variant_picker_zYJKhL",
        "buy_buttons_exgEyk",
        "gallery_EeAMCD",
        "message_c3GPR3",
        "share_QFRNxB",
        "horizontal_tabs_nMDkcq",
        "description_mm8HBA",
        "collapsible_tab_taCnKa",
        "collapsible_tab_BbQYz4",
        "collapsible_tab_7BD3P3",
        "collapsible_tab_aqfENM",
        "blurb_npXLb8",
        "text_ERLTVY",
        "complementary_3PEJ3Q"
      ],
      "settings": {
        "top_spacing": "small",
        "width": "default",
        "page_width": 39,
        "gallery_position": "to left",
        "default_variant": "select_variant",
        "enable_sticky_info": true,
        "media_type": "thumbnails_vertical",
        "media_type_mobile": "thumbnails_horizontal",
        "image_zoom": "lightbox",
        "image_ratio": "auto"
      }
    },
    "wokiee_review_iACX7e": {
      "type": "wokiee-review",
      "blocks": {
        "item_Pw3LhH": {
          "type": "item",
          "settings": {
            "show_image": "show",
            "image": "",
            "showstars": true,
            "rating": 5,
            "heading_text": "Exceptional Support and Clean Code",
            "desc": "I was impressed by how fast the support team responded to my questions. Even as someone with basic coding knowledge, I found the theme incredibly easy to work with. The code is well-organized, and everything runs smoothly.",
            "author": "— Lucas M",
            "author_description": "Small Business Owner (Electronics Store)",
            "url": ""
          }
        },
        "item_jRzF8C": {
          "type": "item",
          "settings": {
            "show_image": "show",
            "image": "",
            "showstars": true,
            "rating": 5,
            "heading_text": "Reliable Theme with Excellent Customer Service",
            "desc": "After trying multiple themes, I finally chose Wokiee — and haven’t looked back. It’s reliable, modern, and easy to customize without coding. What impressed me most was their support team: fast, helpful, and willing to assist even with third-party issues. That level of service is rare!",
            "author": "— Sophie N",
            "author_description": "Owner of a Home Decor Store",
            "url": ""
          }
        },
        "item_eYxA8e": {
          "type": "item",
          "settings": {
            "show_image": "show",
            "image": "",
            "showstars": true,
            "rating": 5,
            "heading_text": "Beautiful Design and Great Flexibility",
            "desc": "Wokiee is hands down the best Shopify theme I’ve used. The design options are stunning and fully customizable. I was able to build a high-converting store without any external developers.",
            "author": "— Rachel L",
            "author_description": "Fashion Brand Founder",
            "url": ""
          }
        },
        "item_awh3zy": {
          "type": "item",
          "settings": {
            "show_image": "show",
            "image": "",
            "showstars": true,
            "rating": 4.5,
            "heading_text": "Top-Notch Support and Regular Updates",
            "desc": "The customer support team is incredible — helpful, responsive, and very professional. They’ve helped me resolve everything from layout tweaks to app integrations. Plus, the theme is regularly updated with new features.",
            "author": "— David P",
            "author_description": "Shopify Consultant",
            "url": ""
          }
        },
        "item_yQcRmQ": {
          "type": "item",
          "settings": {
            "show_image": "show",
            "image": "",
            "showstars": true,
            "rating": 5,
            "heading_text": "Amazing Customization Options\"!",
            "desc": "Wokiee gave me full creative control over my store’s layout and visuals. The theme’s design blocks are so flexible that I could create something truly unique — without touching a single line of code.",
            "author": "— James T",
            "author_description": "Handmade Goods Seller",
            "url": ""
          }
        },
        "item_6GaXDw": {
          "type": "item",
          "settings": {
            "show_image": "show",
            "image": "",
            "showstars": true,
            "rating": 5,
            "heading_text": "High-Quality Theme with Professional Code",
            "desc": "You can tell Wokiee was built by pros. The code is clean and optimized for performance. No bloated features — just what you need. My store loads fast and looks great on all devices.",
            "author": "— Anna V",
            "author_description": "UI/UX Designer",
            "url": ""
          }
        }
      },
      "block_order": [
        "item_Pw3LhH",
        "item_jRzF8C",
        "item_eYxA8e",
        "item_awh3zy",
        "item_yQcRmQ",
        "item_6GaXDw"
      ],
      "name": "t:names.reviews",
      "settings": {
        "main_subheading": "",
        "main_heading": "",
        "main_desc": "",
        "heading_aligment": "text-center",
        "top_spacing": "normal",
        "width": "default",
        "grid": "page-grid-md-4 page-grid-lg-4 page-grid-4",
        "grid_tablet": "page-grid-st-2",
        "heading_size": "h5",
        "hover_underline": true,
        "swipe": true,
        "desktop_navigation": "dots_arrows",
        "mobile_navigation": "dots",
        "autoplay_enabled": false,
        "autoplay_time": 5,
        "show_lines": false,
        "lines_width": "fullwidth",
        "background": "gradient",
        "color_background": "rgba(0,0,0,0)",
        "gradient": "",
        "image_overlay_opacity": 0,
        "image_overlay_color": "rgba(0,0,0,0)",
        "image_overlay_opacity_mobile": 0,
        "image_overlay_color_mobile": "rgba(0,0,0,0)",
        "show_parallax": false,
        "imagealign": "center",
        "imagesize": "cover",
        "background_width": "fullwidth",
        "background_spacing": "normal",
        "remove_bottom_spacing": false,
        "color_base": "rgba(0,0,0,0)",
        "color_accent": "rgba(0,0,0,0)",
        "color_lines": "#ffffff",
        "color_text_link": "rgba(0,0,0,0)",
        "color_text_link_hover": "rgba(0,0,0,0)",
        "color_desc": "rgba(0,0,0,0)",
        "color_background_box": "rgba(0,0,0,0)",
        "color_rating_active": "#ffab00",
        "color_rating_base": "#ffe6b3",
        "color_media_arrows": "rgba(0,0,0,0)",
        "color_media_dots": "rgba(0,0,0,0)"
      }
    },
    "product_recommendations_gFKKqN": {
      "type": "product-recommendations",
      "name": "t:names.product_recommendations",
      "settings": {
        "product": "{{ closest.product }}",
        "main_subheading": "Product Recommendations",
        "main_heading": "You Might Also Like",
        "main_desc": "",
        "heading_aligment": "text-center",
        "top_spacing": "normal",
        "width": "default",
        "grid": "page-grid-md-6 page-grid-lg-6 page-grid-6",
        "grid_tablet": "page-grid-st-3",
        "mobile_grid": "2",
        "recommendation_type": "related",
        "swipe": true,
        "desktop_navigation": "dots_arrows",
        "mobile_navigation": "dots",
        "autoplay_enabled": false,
        "autoplay_time": 5,
        "image_hover": "default",
        "image_ratio": "auto",
        "product_limit": 12,
        "image_action": "show_secondary_image",
        "customize": false,
        "text_align": "text-center",
        "hover_underline": true,
        "show_badge_on_sale": true,
        "show_badge_sold_out": true,
        "show_badge_feature": true,
        "show_countdown": true,
        "show_vendor": true,
        "show_type": true,
        "show_price": true,
        "show_description": true,
        "truncate_product_name": false,
        "show_quantity": false,
        "button_type_product": "hide",
        "button_type_product_mobile": true,
        "enable_rating_product_card": true,
        "show_wishlist": true,
        "show_compare": true,
        "show_quick_view": true,
        "show_wishlist_mobile": true,
        "show_compare_mobile": true,
        "show_quick_view_mobile": true,
        "show_lines": false,
        "lines_width": "fullwidth",
        "background": "hide",
        "color_background": "rgba(0,0,0,0)",
        "gradient": "",
        "image_overlay_opacity": 0,
        "image_overlay_color": "rgba(0,0,0,0)",
        "image_overlay_opacity_mobile": 0,
        "image_overlay_color_mobile": "rgba(0,0,0,0)",
        "show_parallax": false,
        "imagealign": "center",
        "imagesize": "cover",
        "background_width": "fullwidth",
        "background_spacing": "normal",
        "remove_bottom_spacing": false,
        "color_base": "rgba(0,0,0,0)",
        "color_accent": "rgba(0,0,0,0)",
        "color_lines": "rgba(0,0,0,0)",
        "color_meta_products": "rgba(0,0,0,0)",
        "color_meta_products_hover": "rgba(0,0,0,0)",
        "color_product_name": "rgba(0,0,0,0)",
        "color_product_name_hover": "rgba(0,0,0,0)",
        "color_price": "rgba(0,0,0,0)",
        "color_save_price": "rgba(0,0,0,0)",
        "color_old_price": "rgba(0,0,0,0)",
        "color_card_text": "rgba(0,0,0,0)",
        "color_save_badge": "rgba(0,0,0,0)",
        "color_save_badge_text": "rgba(0,0,0,0)",
        "color_featured_badge": "rgba(0,0,0,0)",
        "color_featured_badge_text": "rgba(0,0,0,0)",
        "color_soldout_badge": "rgba(0,0,0,0)",
        "color_soldout_badge_text": "rgba(0,0,0,0)",
        "color_countdown_bg": "rgba(0,0,0,0)",
        "color_countdown_text": "rgba(0,0,0,0)",
        "color_interface_button": "rgba(0,0,0,0)",
        "color_interface_button_text": "rgba(0,0,0,0)",
        "color_interface_button_hover": "rgba(0,0,0,0)",
        "color_interface_button_text_hover": "rgba(0,0,0,0)",
        "color_interface_button_external": "rgba(0,0,0,0)",
        "color_interface_button_text_external": "rgba(0,0,0,0)",
        "color_interface_button_hover_external": "rgba(0,0,0,0)",
        "color_interface_button_text_hover_external": "rgba(0,0,0,0)",
        "color_button_cardswatches": "rgba(0,0,0,0)",
        "color_button_border_cardswatches": "rgba(0,0,0,0)",
        "color_button_text_cardswatches": "rgba(0,0,0,0)",
        "color_button_hover_cardswatches": "rgba(0,0,0,0)",
        "color_button_border_hover_cardswatches": "rgba(0,0,0,0)",
        "color_button_text_hover_cardswatches": "rgba(0,0,0,0)",
        "color_button_soldout_cardswatches": "rgba(0,0,0,0)",
        "color_button_border_soldout_cardswatches": "rgba(0,0,0,0)",
        "color_button_text_soldout_cardswatches": "rgba(0,0,0,0)",
        "color_input_background": "rgba(0,0,0,0)",
        "color_input_border": "rgba(0,0,0,0)",
        "color_input_text": "rgba(0,0,0,0)",
        "color_input_icon": "rgba(0,0,0,0)",
        "color_input_background_hover": "rgba(0,0,0,0)",
        "color_input_border_hover": "rgba(0,0,0,0)",
        "color_input_outline_hover": "rgba(0,0,0,0)",
        "color_input_text_hover": "rgba(0,0,0,0)",
        "color_input_icon_hover": "rgba(0,0,0,0)",
        "show_button_bg": true,
        "color_button": "rgba(0,0,0,0)",
        "color_button_gradient": "",
        "color_button_border": "rgba(0,0,0,0)",
        "color_button_text": "rgba(0,0,0,0)",
        "color_button_icon_main": "rgba(0,0,0,0)",
        "show_button_bg_hover": true,
        "color_button_hover": "rgba(0,0,0,0)",
        "color_button_gradient_hover": "",
        "color_button_border_hover": "rgba(0,0,0,0)",
        "color_button_text_hover": "rgba(0,0,0,0)",
        "color_button_icon_hover_main": "rgba(0,0,0,0)",
        "show_shadow_button": true,
        "color_shadow_button": "rgba(0,0,0,0)",
        "color_shadow_hover_button": "rgba(0,0,0,0)",
        "color_media_arrows": "rgba(0,0,0,0)",
        "color_media_dots": "rgba(0,0,0,0)",
        "color_active_rating": "rgba(0,0,0,0)",
        "color_base_rating": "rgba(0,0,0,0)"
      }
    }
  },
  "order": [
    "main",
    "wokiee_review_iACX7e",
    "product_recommendations_gFKKqN"
  ]
}
